sweep,run_name,seed,target,metric,value
earne_learned_corr_dual_grid_sweep_coverage_weather,earne_learned_corr_dual-span=False-wx=False,0,load,rmse,703.370849609375
earne_learned_corr_dual_grid_sweep_coverage_weather,earne_learned_corr_dual-span=False-wx=False,0,load,nrmse,0.024218250066041946
earne_learned_corr_dual_grid_sweep_coverage_weather,earne_learned_corr_dual-span=False-wx=False,0,load,mae,278.17633056640625
earne_learned_corr_dual_grid_sweep_coverage_weather,earne_learned_corr_dual-span=False-wx=False,0,load,mape,44.31663513183594
earne_learned_corr_dual_grid_sweep_coverage_weather,earne_learned_corr_dual-span=False-wx=False,0,load,r2,0.7977605746835871
earne_learned_corr_dual_grid_sweep_coverage_weather,earne_learned_corr_dual-span=False-wx=False,0,load,mbe,-94.33332061767578
earne_learned_corr_dual_grid_sweep_coverage_weather,earne_learned_corr_dual-span=False-wx=False,0,load,efe,9.488975524902344
earne_learned_corr_dual_grid_sweep_coverage_weather,earne_learned_corr_dual-span=False-wx=False,0,load,pinball_q10,63.01353454589844
earne_learned_corr_dual_grid_sweep_coverage_weather,earne_learned_corr_dual-span=False-wx=False,0,load,pinball_q50,139.08816528320312
earne_learned_corr_dual_grid_sweep_coverage_weather,earne_learned_corr_dual-span=False-wx=False,0,load,pinball_q90,101.88741302490234
earne_learned_corr_dual_grid_sweep_coverage_weather,earne_learned_corr_dual-span=False-wx=False,0,load,coverage,0.8155503634475597
earne_learned_corr_dual_grid_sweep_coverage_weather,earne_learned_corr_dual-span=False-wx=False,0,load,sharpness,865.4701538085938
earne_learned_corr_dual_grid_sweep_coverage_weather,earne_learned_corr_dual-span=False-wx=False,0,load,net_rmse,704.9749755859375
earne_learned_corr_dual_grid_sweep_coverage_weather,earne_learned_corr_dual-span=False-wx=False,0,pv,rmse,442.4845275878906
earne_learned_corr_dual_grid_sweep_coverage_weather,earne_learned_corr_dual-span=False-wx=False,0,pv,nrmse,0.013656921684741974
earne_learned_corr_dual_grid_sweep_coverage_weather,earne_learned_corr_dual-span=False-wx=False,0,pv,mae,123.91853332519531
earne_learned_corr_dual_grid_sweep_coverage_weather,earne_learned_corr_dual-span=False-wx=False,0,pv,mape,59.84029006958008
earne_learned_corr_dual_grid_sweep_coverage_weather,earne_learned_corr_dual-span=False-wx=False,0,pv,r2,0.78006632890298
earne_learned_corr_dual_grid_sweep_coverage_weather,earne_learned_corr_dual-span=False-wx=False,0,pv,mbe,-19.906166076660156
earne_learned_corr_dual_grid_sweep_coverage_weather,earne_learned_corr_dual-span=False-wx=False,0,pv,efe,6.888643741607666
earne_learned_corr_dual_grid_sweep_coverage_weather,earne_learned_corr_dual-span=False-wx=False,0,pv,pinball_q10,21.090883255004883
earne_learned_corr_dual_grid_sweep_coverage_weather,earne_learned_corr_dual-span=False-wx=False,0,pv,pinball_q50,61.959266662597656
earne_learned_corr_dual_grid_sweep_coverage_weather,earne_learned_corr_dual-span=False-wx=False,0,pv,pinball_q90,45.64672088623047
earne_learned_corr_dual_grid_sweep_coverage_weather,earne_learned_corr_dual-span=False-wx=False,0,pv,coverage,0.7962298411387068
earne_learned_corr_dual_grid_sweep_coverage_weather,earne_learned_corr_dual-span=False-wx=False,0,pv,sharpness,367.3616638183594
earne_learned_corr_dual_grid_sweep_coverage_weather,earne_learned_corr_dual-span=False-wx=False,1,load,rmse,723.283203125
earne_learned_corr_dual_grid_sweep_coverage_weather,earne_learned_corr_dual-span=False-wx=False,1,load,nrmse,0.02490386739373207
earne_learned_corr_dual_grid_sweep_coverage_weather,earne_learned_corr_dual-span=False-wx=False,1,load,mae,284.90716552734375
earne_learned_corr_dual_grid_sweep_coverage_weather,earne_learned_corr_dual-span=False-wx=False,1,load,mape,45.9393310546875
earne_learned_corr_dual_grid_sweep_coverage_weather,earne_learned_corr_dual-span=False-wx=False,1,load,r2,0.7963105289396228
earne_learned_corr_dual_grid_sweep_coverage_weather,earne_learned_corr_dual-span=False-wx=False,1,load,mbe,-11.860067367553711
earne_learned_corr_dual_grid_sweep_coverage_weather,earne_learned_corr_dual-span=False-wx=False,1,load,efe,1.1929962635040283
earne_learned_corr_dual_grid_sweep_coverage_weather,earne_learned_corr_dual-span=False-wx=False,1,load,pinball_q10,62.576839447021484
earne_learned_corr_dual_grid_sweep_coverage_weather,earne_learned_corr_dual-span=False-wx=False,1,load,pinball_q50,142.45358276367188
earne_learned_corr_dual_grid_sweep_coverage_weather,earne_learned_corr_dual-span=False-wx=False,1,load,pinball_q90,103.84458923339844
earne_learned_corr_dual_grid_sweep_coverage_weather,earne_learned_corr_dual-span=False-wx=False,1,load,coverage,0.8194530501483049
earne_learned_corr_dual_grid_sweep_coverage_weather,earne_learned_corr_dual-span=False-wx=False,1,load,sharpness,910.0885620117188
earne_learned_corr_dual_grid_sweep_coverage_weather,earne_learned_corr_dual-span=False-wx=False,1,load,net_rmse,748.2556762695312
earne_learned_corr_dual_grid_sweep_coverage_weather,earne_learned_corr_dual-span=False-wx=False,1,pv,rmse,421.91656494140625
earne_learned_corr_dual_grid_sweep_coverage_weather,earne_learned_corr_dual-span=False-wx=False,1,pv,nrmse,0.013022108003497124
earne_learned_corr_dual_grid_sweep_coverage_weather,earne_learned_corr_dual-span=False-wx=False,1,pv,mae,119.61612701416016
earne_learned_corr_dual_grid_sweep_coverage_weather,earne_learned_corr_dual-span=False-wx=False,1,pv,mape,51.22945785522461
earne_learned_corr_dual_grid_sweep_coverage_weather,earne_learned_corr_dual-span=False-wx=False,1,pv,r2,0.7878913760622391
earne_learned_corr_dual_grid_sweep_coverage_weather,earne_learned_corr_dual-span=False-wx=False,1,pv,mbe,-57.741294860839844
earne_learned_corr_dual_grid_sweep_coverage_weather,earne_learned_corr_dual-span=False-wx=False,1,pv,efe,19.98170280456543
earne_learned_corr_dual_grid_sweep_coverage_weather,earne_learned_corr_dual-span=False-wx=False,1,pv,pinball_q10,21.561248779296875
earne_learned_corr_dual_grid_sweep_coverage_weather,earne_learned_corr_dual-span=False-wx=False,1,pv,pinball_q50,59.80806350708008
earne_learned_corr_dual_grid_sweep_coverage_weather,earne_learned_corr_dual-span=False-wx=False,1,pv,pinball_q90,46.79230499267578
earne_learned_corr_dual_grid_sweep_coverage_weather,earne_learned_corr_dual-span=False-wx=False,1,pv,coverage,0.8853684388679484
earne_learned_corr_dual_grid_sweep_coverage_weather,earne_learned_corr_dual-span=False-wx=False,1,pv,sharpness,305.1704406738281
earne_learned_corr_dual_grid_sweep_coverage_weather,earne_learned_corr_dual-span=False-wx=False,2,load,rmse,705.298095703125
earne_learned_corr_dual_grid_sweep_coverage_weather,earne_learned_corr_dual-span=False-wx=False,2,load,nrmse,0.02428460866212845
earne_learned_corr_dual_grid_sweep_coverage_weather,earne_learned_corr_dual-span=False-wx=False,2,load,mae,280.6516418457031
earne_learned_corr_dual_grid_sweep_coverage_weather,earne_learned_corr_dual-span=False-wx=False,2,load,mape,45.51268768310547
earne_learned_corr_dual_grid_sweep_coverage_weather,earne_learned_corr_dual-span=False-wx=False,2,load,r2,0.7941341335210218
earne_learned_corr_dual_grid_sweep_coverage_weather,earne_learned_corr_dual-span=False-wx=False,2,load,mbe,-60.06580352783203
earne_learned_corr_dual_grid_sweep_coverage_weather,earne_learned_corr_dual-span=False-wx=False,2,load,efe,6.042007923126221
earne_learned_corr_dual_grid_sweep_coverage_weather,earne_learned_corr_dual-span=False-wx=False,2,load,pinball_q10,62.720542907714844
earne_learned_corr_dual_grid_sweep_coverage_weather,earne_learned_corr_dual-span=False-wx=False,2,load,pinball_q50,140.32582092285156
earne_learned_corr_dual_grid_sweep_coverage_weather,earne_learned_corr_dual-span=False-wx=False,2,load,pinball_q90,103.77466583251953
earne_learned_corr_dual_grid_sweep_coverage_weather,earne_learned_corr_dual-span=False-wx=False,2,load,coverage,0.7937808012484008
earne_learned_corr_dual_grid_sweep_coverage_weather,earne_learned_corr_dual-span=False-wx=False,2,load,sharpness,846.0119018554688
earne_learned_corr_dual_grid_sweep_coverage_weather,earne_learned_corr_dual-span=False-wx=False,2,load,net_rmse,690.5574340820312
earne_learned_corr_dual_grid_sweep_coverage_weather,earne_learned_corr_dual-span=False-wx=False,2,pv,rmse,427.584716796875
earne_learned_corr_dual_grid_sweep_coverage_weather,earne_learned_corr_dual-span=False-wx=False,2,pv,nrmse,0.013197051361203194
earne_learned_corr_dual_grid_sweep_coverage_weather,earne_learned_corr_dual-span=False-wx=False,2,pv,mae,122.79088592529297
earne_learned_corr_dual_grid_sweep_coverage_weather,earne_learned_corr_dual-span=False-wx=False,2,pv,mape,57.24542236328125
earne_learned_corr_dual_grid_sweep_coverage_weather,earne_learned_corr_dual-span=False-wx=False,2,pv,r2,0.7800034805934931
earne_learned_corr_dual_grid_sweep_coverage_weather,earne_learned_corr_dual-span=False-wx=False,2,pv,mbe,-34.731990814208984
earne_learned_corr_dual_grid_sweep_coverage_weather,earne_learned_corr_dual-span=False-wx=False,2,pv,efe,12.019197463989258
earne_learned_corr_dual_grid_sweep_coverage_weather,earne_learned_corr_dual-span=False-wx=False,2,pv,pinball_q10,22.427202224731445
earne_learned_corr_dual_grid_sweep_coverage_weather,earne_learned_corr_dual-span=False-wx=False,2,pv,pinball_q50,61.395442962646484
earne_learned_corr_dual_grid_sweep_coverage_weather,earne_learned_corr_dual-span=False-wx=False,2,pv,pinball_q90,46.71944808959961
earne_learned_corr_dual_grid_sweep_coverage_weather,earne_learned_corr_dual-span=False-wx=False,2,pv,coverage,0.8875758019081714
earne_learned_corr_dual_grid_sweep_coverage_weather,earne_learned_corr_dual-span=False-wx=False,2,pv,sharpness,376.1769714355469
earne_learned_corr_dual_grid_sweep_coverage_weather,earne_learned_corr_dual-span=False-wx=True,0,load,rmse,698.6422119140625
earne_learned_corr_dual_grid_sweep_coverage_weather,earne_learned_corr_dual-span=False-wx=True,0,load,nrmse,0.02405543625354767
earne_learned_corr_dual_grid_sweep_coverage_weather,earne_learned_corr_dual-span=False-wx=True,0,load,mae,273.9093322753906
earne_learned_corr_dual_grid_sweep_coverage_weather,earne_learned_corr_dual-span=False-wx=True,0,load,mape,44.5472412109375
earne_learned_corr_dual_grid_sweep_coverage_weather,earne_learned_corr_dual-span=False-wx=True,0,load,r2,0.7985338456271488
earne_learned_corr_dual_grid_sweep_coverage_weather,earne_learned_corr_dual-span=False-wx=True,0,load,mbe,-68.74241638183594
earne_learned_corr_dual_grid_sweep_coverage_weather,earne_learned_corr_dual-span=False-wx=True,0,load,efe,6.914793014526367
earne_learned_corr_dual_grid_sweep_coverage_weather,earne_learned_corr_dual-span=False-wx=True,0,load,pinball_q10,62.225608825683594
earne_learned_corr_dual_grid_sweep_coverage_weather,earne_learned_corr_dual-span=False-wx=True,0,load,pinball_q50,136.9546661376953
earne_learned_corr_dual_grid_sweep_coverage_weather,earne_learned_corr_dual-span=False-wx=True,0,load,pinball_q90,101.98814392089844
earne_learned_corr_dual_grid_sweep_coverage_weather,earne_learned_corr_dual-span=False-wx=True,0,load,coverage,0.7942426406889153
earne_learned_corr_dual_grid_sweep_coverage_weather,earne_learned_corr_dual-span=False-wx=True,0,load,sharpness,825.4095458984375
earne_learned_corr_dual_grid_sweep_coverage_weather,earne_learned_corr_dual-span=False-wx=True,0,load,net_rmse,706.60791015625
earne_learned_corr_dual_grid_sweep_coverage_weather,earne_learned_corr_dual-span=False-wx=True,0,pv,rmse,434.8502502441406
earne_learned_corr_dual_grid_sweep_coverage_weather,earne_learned_corr_dual-span=False-wx=True,0,pv,nrmse,0.013421296142041683
earne_learned_corr_dual_grid_sweep_coverage_weather,earne_learned_corr_dual-span=False-wx=True,0,pv,mae,120.96551513671875
earne_learned_corr_dual_grid_sweep_coverage_weather,earne_learned_corr_dual-span=False-wx=True,0,pv,mape,50.907867431640625
earne_learned_corr_dual_grid_sweep_coverage_weather,earne_learned_corr_dual-span=False-wx=True,0,pv,r2,0.7796293053313029
earne_learned_corr_dual_grid_sweep_coverage_weather,earne_learned_corr_dual-span=False-wx=True,0,pv,mbe,-55.9564323425293
earne_learned_corr_dual_grid_sweep_coverage_weather,earne_learned_corr_dual-span=False-wx=True,0,pv,efe,19.364030838012695
earne_learned_corr_dual_grid_sweep_coverage_weather,earne_learned_corr_dual-span=False-wx=True,0,pv,pinball_q10,21.42416000366211
earne_learned_corr_dual_grid_sweep_coverage_weather,earne_learned_corr_dual-span=False-wx=True,0,pv,pinball_q50,60.482757568359375
earne_learned_corr_dual_grid_sweep_coverage_weather,earne_learned_corr_dual-span=False-wx=True,0,pv,pinball_q90,48.08216094970703
earne_learned_corr_dual_grid_sweep_coverage_weather,earne_learned_corr_dual-span=False-wx=True,0,pv,coverage,0.8828684818964676
earne_learned_corr_dual_grid_sweep_coverage_weather,earne_learned_corr_dual-span=False-wx=True,0,pv,sharpness,328.5630798339844
earne_learned_corr_dual_grid_sweep_coverage_weather,earne_learned_corr_dual-span=False-wx=True,1,load,rmse,707.0985107421875
earne_learned_corr_dual_grid_sweep_coverage_weather,earne_learned_corr_dual-span=False-wx=True,1,load,nrmse,0.024346601217985153
earne_learned_corr_dual_grid_sweep_coverage_weather,earne_learned_corr_dual-span=False-wx=True,1,load,mae,281.7267761230469
earne_learned_corr_dual_grid_sweep_coverage_weather,earne_learned_corr_dual-span=False-wx=True,1,load,mape,45.32501983642578
earne_learned_corr_dual_grid_sweep_coverage_weather,earne_learned_corr_dual-span=False-wx=True,1,load,r2,0.7969480385945327
earne_learned_corr_dual_grid_sweep_coverage_weather,earne_learned_corr_dual-span=False-wx=True,1,load,mbe,-94.76659393310547
earne_learned_corr_dual_grid_sweep_coverage_weather,earne_learned_corr_dual-span=False-wx=True,1,load,efe,9.532567024230957
earne_learned_corr_dual_grid_sweep_coverage_weather,earne_learned_corr_dual-span=False-wx=True,1,load,pinball_q10,62.80900573730469
earne_learned_corr_dual_grid_sweep_coverage_weather,earne_learned_corr_dual-span=False-wx=True,1,load,pinball_q50,140.86338806152344
earne_learned_corr_dual_grid_sweep_coverage_weather,earne_learned_corr_dual-span=False-wx=True,1,load,pinball_q90,104.73765563964844
earne_learned_corr_dual_grid_sweep_coverage_weather,earne_learned_corr_dual-span=False-wx=True,1,load,coverage,0.7852998800938595
earne_learned_corr_dual_grid_sweep_coverage_weather,earne_learned_corr_dual-span=False-wx=True,1,load,sharpness,794.1334228515625
earne_learned_corr_dual_grid_sweep_coverage_weather,earne_learned_corr_dual-span=False-wx=True,1,load,net_rmse,693.9158935546875
earne_learned_corr_dual_grid_sweep_coverage_weather,earne_learned_corr_dual-span=False-wx=True,1,pv,rmse,442.7303466796875
earne_learned_corr_dual_grid_sweep_coverage_weather,earne_learned_corr_dual-span=False-wx=True,1,pv,nrmse,0.013664508238434792
earne_learned_corr_dual_grid_sweep_coverage_weather,earne_learned_corr_dual-span=False-wx=True,1,pv,mae,125.15557098388672
earne_learned_corr_dual_grid_sweep_coverage_weather,earne_learned_corr_dual-span=False-wx=True,1,pv,mape,55.22272491455078
earne_learned_corr_dual_grid_sweep_coverage_weather,earne_learned_corr_dual-span=False-wx=True,1,pv,r2,0.7670854649575072
earne_learned_corr_dual_grid_sweep_coverage_weather,earne_learned_corr_dual-span=False-wx=True,1,pv,mbe,-45.9766731262207
earne_learned_corr_dual_grid_sweep_coverage_weather,earne_learned_corr_dual-span=False-wx=True,1,pv,efe,15.91048526763916
earne_learned_corr_dual_grid_sweep_coverage_weather,earne_learned_corr_dual-span=False-wx=True,1,pv,pinball_q10,21.558513641357422
earne_learned_corr_dual_grid_sweep_coverage_weather,earne_learned_corr_dual-span=False-wx=True,1,pv,pinball_q50,62.57778549194336
earne_learned_corr_dual_grid_sweep_coverage_weather,earne_learned_corr_dual-span=False-wx=True,1,pv,pinball_q90,51.390281677246094
earne_learned_corr_dual_grid_sweep_coverage_weather,earne_learned_corr_dual-span=False-wx=True,1,pv,coverage,0.8612739023424726
earne_learned_corr_dual_grid_sweep_coverage_weather,earne_learned_corr_dual-span=False-wx=True,1,pv,sharpness,410.7298278808594
earne_learned_corr_dual_grid_sweep_coverage_weather,earne_learned_corr_dual-span=False-wx=True,2,load,rmse,705.6105346679688
earne_learned_corr_dual_grid_sweep_coverage_weather,earne_learned_corr_dual-span=False-wx=True,2,load,nrmse,0.024295367300510406
earne_learned_corr_dual_grid_sweep_coverage_weather,earne_learned_corr_dual-span=False-wx=True,2,load,mae,280.0091857910156
earne_learned_corr_dual_grid_sweep_coverage_weather,earne_learned_corr_dual-span=False-wx=True,2,load,mape,44.626827239990234
earne_learned_corr_dual_grid_sweep_coverage_weather,earne_learned_corr_dual-span=False-wx=True,2,load,r2,0.7940261312434667
earne_learned_corr_dual_grid_sweep_coverage_weather,earne_learned_corr_dual-span=False-wx=True,2,load,mbe,-59.77035903930664
earne_learned_corr_dual_grid_sweep_coverage_weather,earne_learned_corr_dual-span=False-wx=True,2,load,efe,6.012294292449951
earne_learned_corr_dual_grid_sweep_coverage_weather,earne_learned_corr_dual-span=False-wx=True,2,load,pinball_q10,63.19488525390625
earne_learned_corr_dual_grid_sweep_coverage_weather,earne_learned_corr_dual-span=False-wx=True,2,load,pinball_q50,140.0045928955078
earne_learned_corr_dual_grid_sweep_coverage_weather,earne_learned_corr_dual-span=False-wx=True,2,load,pinball_q90,103.780517578125
earne_learned_corr_dual_grid_sweep_coverage_weather,earne_learned_corr_dual-span=False-wx=True,2,load,coverage,0.8092717853393229
earne_learned_corr_dual_grid_sweep_coverage_weather,earne_learned_corr_dual-span=False-wx=True,2,load,sharpness,874.7542114257812
earne_learned_corr_dual_grid_sweep_coverage_weather,earne_learned_corr_dual-span=False-wx=True,2,load,net_rmse,718.8656005859375
earne_learned_corr_dual_grid_sweep_coverage_weather,earne_learned_corr_dual-span=False-wx=True,2,pv,rmse,426.0588684082031
earne_learned_corr_dual_grid_sweep_coverage_weather,earne_learned_corr_dual-span=False-wx=True,2,pv,nrmse,0.013149957172572613
earne_learned_corr_dual_grid_sweep_coverage_weather,earne_learned_corr_dual-span=False-wx=True,2,pv,mae,120.0363540649414
earne_learned_corr_dual_grid_sweep_coverage_weather,earne_learned_corr_dual-span=False-wx=True,2,pv,mape,56.62211608886719
earne_learned_corr_dual_grid_sweep_coverage_weather,earne_learned_corr_dual-span=False-wx=True,2,pv,r2,0.7941331884119434
earne_learned_corr_dual_grid_sweep_coverage_weather,earne_learned_corr_dual-span=False-wx=True,2,pv,mbe,-30.19085121154785
earne_learned_corr_dual_grid_sweep_coverage_weather,earne_learned_corr_dual-span=False-wx=True,2,pv,efe,10.447708129882812
earne_learned_corr_dual_grid_sweep_coverage_weather,earne_learned_corr_dual-span=False-wx=True,2,pv,pinball_q10,21.92676544189453
earne_learned_corr_dual_grid_sweep_coverage_weather,earne_learned_corr_dual-span=False-wx=True,2,pv,pinball_q50,60.0181770324707
earne_learned_corr_dual_grid_sweep_coverage_weather,earne_learned_corr_dual-span=False-wx=True,2,pv,pinball_q90,46.02800750732422
earne_learned_corr_dual_grid_sweep_coverage_weather,earne_learned_corr_dual-span=False-wx=True,2,pv,coverage,0.8723056975496692
earne_learned_corr_dual_grid_sweep_coverage_weather,earne_learned_corr_dual-span=False-wx=True,2,pv,sharpness,388.59796142578125
earne_learned_corr_dual_grid_sweep_coverage_weather,earne_learned_corr_dual-span=True-wx=False,0,load,rmse,773.5589599609375
earne_learned_corr_dual_grid_sweep_coverage_weather,earne_learned_corr_dual-span=True-wx=False,0,load,nrmse,0.02663494646549225
earne_learned_corr_dual_grid_sweep_coverage_weather,earne_learned_corr_dual-span=True-wx=False,0,load,mae,302.9696044921875
earne_learned_corr_dual_grid_sweep_coverage_weather,earne_learned_corr_dual-span=True-wx=False,0,load,mape,47.30995178222656
earne_learned_corr_dual_grid_sweep_coverage_weather,earne_learned_corr_dual-span=True-wx=False,0,load,r2,0.7932270116143924
earne_learned_corr_dual_grid_sweep_coverage_weather,earne_learned_corr_dual-span=True-wx=False,0,load,mbe,-25.549785614013672
earne_learned_corr_dual_grid_sweep_coverage_weather,earne_learned_corr_dual-span=True-wx=False,0,load,efe,2.5595192909240723
earne_learned_corr_dual_grid_sweep_coverage_weather,earne_learned_corr_dual-span=True-wx=False,0,load,pinball_q10,61.261878967285156
earne_learned_corr_dual_grid_sweep_coverage_weather,earne_learned_corr_dual-span=True-wx=False,0,load,pinball_q50,151.48480224609375
earne_learned_corr_dual_grid_sweep_coverage_weather,earne_learned_corr_dual-span=True-wx=False,0,load,pinball_q90,113.22835540771484
earne_learned_corr_dual_grid_sweep_coverage_weather,earne_learned_corr_dual-span=True-wx=False,0,load,coverage,0.8120573766524519
earne_learned_corr_dual_grid_sweep_coverage_weather,earne_learned_corr_dual-span=True-wx=False,0,load,sharpness,984.0028076171875
earne_learned_corr_dual_grid_sweep_coverage_weather,earne_learned_corr_dual-span=True-wx=False,0,load,net_rmse,810.5375366210938
earne_learned_corr_dual_grid_sweep_coverage_weather,earne_learned_corr_dual-span=True-wx=False,0,pv,rmse,429.1376037597656
earne_learned_corr_dual_grid_sweep_coverage_weather,earne_learned_corr_dual-span=True-wx=False,0,pv,nrmse,0.01324498001486063
earne_learned_corr_dual_grid_sweep_coverage_weather,earne_learned_corr_dual-span=True-wx=False,0,pv,mae,121.93378448486328
earne_learned_corr_dual_grid_sweep_coverage_weather,earne_learned_corr_dual-span=True-wx=False,0,pv,mape,61.536170959472656
earne_learned_corr_dual_grid_sweep_coverage_weather,earne_learned_corr_dual-span=True-wx=False,0,pv,r2,0.7873148527688578
earne_learned_corr_dual_grid_sweep_coverage_weather,earne_learned_corr_dual-span=True-wx=False,0,pv,mbe,-23.81962776184082
earne_learned_corr_dual_grid_sweep_coverage_weather,earne_learned_corr_dual-span=True-wx=False,0,pv,efe,8.523090362548828
earne_learned_corr_dual_grid_sweep_coverage_weather,earne_learned_corr_dual-span=True-wx=False,0,pv,pinball_q10,21.1142520904541
earne_learned_corr_dual_grid_sweep_coverage_weather,earne_learned_corr_dual-span=True-wx=False,0,pv,pinball_q50,60.96689224243164
earne_learned_corr_dual_grid_sweep_coverage_weather,earne_learned_corr_dual-span=True-wx=False,0,pv,pinball_q90,49.06527328491211
earne_learned_corr_dual_grid_sweep_coverage_weather,earne_learned_corr_dual-span=True-wx=False,0,pv,coverage,0.9050086658146741
earne_learned_corr_dual_grid_sweep_coverage_weather,earne_learned_corr_dual-span=True-wx=False,0,pv,sharpness,447.5121154785156
earne_learned_corr_dual_grid_sweep_coverage_weather,earne_learned_corr_dual-span=True-wx=False,1,load,rmse,734.425048828125
earne_learned_corr_dual_grid_sweep_coverage_weather,earne_learned_corr_dual-span=True-wx=False,1,load,nrmse,0.025287499651312828
earne_learned_corr_dual_grid_sweep_coverage_weather,earne_learned_corr_dual-span=True-wx=False,1,load,mae,272.66571044921875
earne_learned_corr_dual_grid_sweep_coverage_weather,earne_learned_corr_dual-span=True-wx=False,1,load,mape,42.87096405029297
earne_learned_corr_dual_grid_sweep_coverage_weather,earne_learned_corr_dual-span=True-wx=False,1,load,r2,0.8063824850356536
earne_learned_corr_dual_grid_sweep_coverage_weather,earne_learned_corr_dual-span=True-wx=False,1,load,mbe,-32.1208381652832
earne_learned_corr_dual_grid_sweep_coverage_weather,earne_learned_corr_dual-span=True-wx=False,1,load,efe,3.217785358428955
earne_learned_corr_dual_grid_sweep_coverage_weather,earne_learned_corr_dual-span=True-wx=False,1,load,pinball_q10,60.598026275634766
earne_learned_corr_dual_grid_sweep_coverage_weather,earne_learned_corr_dual-span=True-wx=False,1,load,pinball_q50,136.33285522460938
earne_learned_corr_dual_grid_sweep_coverage_weather,earne_learned_corr_dual-span=True-wx=False,1,load,pinball_q90,101.88612365722656
earne_learned_corr_dual_grid_sweep_coverage_weather,earne_learned_corr_dual-span=True-wx=False,1,load,coverage,0.8013546063722315
earne_learned_corr_dual_grid_sweep_coverage_weather,earne_learned_corr_dual-span=True-wx=False,1,load,sharpness,814.0725708007812
earne_learned_corr_dual_grid_sweep_coverage_weather,earne_learned_corr_dual-span=True-wx=False,1,load,net_rmse,757.041015625
earne_learned_corr_dual_grid_sweep_coverage_weather,earne_learned_corr_dual-span=True-wx=False,1,pv,rmse,401.6480712890625
earne_learned_corr_dual_grid_sweep_coverage_weather,earne_learned_corr_dual-span=True-wx=False,1,pv,nrmse,0.012396537698805332
earne_learned_corr_dual_grid_sweep_coverage_weather,earne_learned_corr_dual-span=True-wx=False,1,pv,mae,112.60374450683594
earne_learned_corr_dual_grid_sweep_coverage_weather,earne_learned_corr_dual-span=True-wx=False,1,pv,mape,52.30736541748047
earne_learned_corr_dual_grid_sweep_coverage_weather,earne_learned_corr_dual-span=True-wx=False,1,pv,r2,0.8147834895894559
earne_learned_corr_dual_grid_sweep_coverage_weather,earne_learned_corr_dual-span=True-wx=False,1,pv,mbe,-46.61955261230469
earne_learned_corr_dual_grid_sweep_coverage_weather,earne_learned_corr_dual-span=True-wx=False,1,pv,efe,16.681306838989258
earne_learned_corr_dual_grid_sweep_coverage_weather,earne_learned_corr_dual-span=True-wx=False,1,pv,pinball_q10,20.608016967773438
earne_learned_corr_dual_grid_sweep_coverage_weather,earne_learned_corr_dual-span=True-wx=False,1,pv,pinball_q50,56.30187225341797
earne_learned_corr_dual_grid_sweep_coverage_weather,earne_learned_corr_dual-span=True-wx=False,1,pv,pinball_q90,44.837501525878906
earne_learned_corr_dual_grid_sweep_coverage_weather,earne_learned_corr_dual-span=True-wx=False,1,pv,coverage,0.8255694567878096
earne_learned_corr_dual_grid_sweep_coverage_weather,earne_learned_corr_dual-span=True-wx=False,1,pv,sharpness,323.1002197265625
earne_learned_corr_dual_grid_sweep_coverage_weather,earne_learned_corr_dual-span=True-wx=False,2,load,rmse,715.9934692382812
earne_learned_corr_dual_grid_sweep_coverage_weather,earne_learned_corr_dual-span=True-wx=False,2,load,nrmse,0.024652868509292603
earne_learned_corr_dual_grid_sweep_coverage_weather,earne_learned_corr_dual-span=True-wx=False,2,load,mae,270.67303466796875
earne_learned_corr_dual_grid_sweep_coverage_weather,earne_learned_corr_dual-span=True-wx=False,2,load,mape,43.377174377441406
earne_learned_corr_dual_grid_sweep_coverage_weather,earne_learned_corr_dual-span=True-wx=False,2,load,r2,0.8120904424330778
earne_learned_corr_dual_grid_sweep_coverage_weather,earne_learned_corr_dual-span=True-wx=False,2,load,mbe,-22.016508102416992
earne_learned_corr_dual_grid_sweep_coverage_weather,earne_learned_corr_dual-span=True-wx=False,2,load,efe,2.2055611610412598
earne_learned_corr_dual_grid_sweep_coverage_weather,earne_learned_corr_dual-span=True-wx=False,2,load,pinball_q10,60.1129035949707
earne_learned_corr_dual_grid_sweep_coverage_weather,earne_learned_corr_dual-span=True-wx=False,2,load,pinball_q50,135.33651733398438
earne_learned_corr_dual_grid_sweep_coverage_weather,earne_learned_corr_dual-span=True-wx=False,2,load,pinball_q90,99.21551513671875
earne_learned_corr_dual_grid_sweep_coverage_weather,earne_learned_corr_dual-span=True-wx=False,2,load,coverage,0.8003134728445395
earne_learned_corr_dual_grid_sweep_coverage_weather,earne_learned_corr_dual-span=True-wx=False,2,load,sharpness,826.4569702148438
earne_learned_corr_dual_grid_sweep_coverage_weather,earne_learned_corr_dual-span=True-wx=False,2,load,net_rmse,752.1627197265625
earne_learned_corr_dual_grid_sweep_coverage_weather,earne_learned_corr_dual-span=True-wx=False,2,pv,rmse,404.04937744140625
earne_learned_corr_dual_grid_sweep_coverage_weather,earne_learned_corr_dual-span=True-wx=False,2,pv,nrmse,0.012470652349293232
earne_learned_corr_dual_grid_sweep_coverage_weather,earne_learned_corr_dual-span=True-wx=False,2,pv,mae,112.28176879882812
earne_learned_corr_dual_grid_sweep_coverage_weather,earne_learned_corr_dual-span=True-wx=False,2,pv,mape,52.87735366821289
earne_learned_corr_dual_grid_sweep_coverage_weather,earne_learned_corr_dual-span=True-wx=False,2,pv,r2,0.8118495361468736
earne_learned_corr_dual_grid_sweep_coverage_weather,earne_learned_corr_dual-span=True-wx=False,2,pv,mbe,-42.85432434082031
earne_learned_corr_dual_grid_sweep_coverage_weather,earne_learned_corr_dual-span=True-wx=False,2,pv,efe,15.334038734436035
earne_learned_corr_dual_grid_sweep_coverage_weather,earne_learned_corr_dual-span=True-wx=False,2,pv,pinball_q10,20.028013229370117
earne_learned_corr_dual_grid_sweep_coverage_weather,earne_learned_corr_dual-span=True-wx=False,2,pv,pinball_q50,56.14088439941406
earne_learned_corr_dual_grid_sweep_coverage_weather,earne_learned_corr_dual-span=True-wx=False,2,pv,pinball_q90,44.16240692138672
earne_learned_corr_dual_grid_sweep_coverage_weather,earne_learned_corr_dual-span=True-wx=False,2,pv,coverage,0.8568673105698223
earne_learned_corr_dual_grid_sweep_coverage_weather,earne_learned_corr_dual-span=True-wx=False,2,pv,sharpness,342.844482421875
earne_learned_corr_dual_grid_sweep_coverage_weather,earne_learned_corr_dual-span=True-wx=True,0,load,rmse,700.8347778320312
earne_learned_corr_dual_grid_sweep_coverage_weather,earne_learned_corr_dual-span=True-wx=True,0,load,nrmse,0.024130929261446
earne_learned_corr_dual_grid_sweep_coverage_weather,earne_learned_corr_dual-span=True-wx=True,0,load,mae,272.0287170410156
earne_learned_corr_dual_grid_sweep_coverage_weather,earne_learned_corr_dual-span=True-wx=True,0,load,mape,43.21638107299805
earne_learned_corr_dual_grid_sweep_coverage_weather,earne_learned_corr_dual-span=True-wx=True,0,load,r2,0.818345962415023
earne_learned_corr_dual_grid_sweep_coverage_weather,earne_learned_corr_dual-span=True-wx=True,0,load,mbe,-69.6822509765625
earne_learned_corr_dual_grid_sweep_coverage_weather,earne_learned_corr_dual-span=True-wx=True,0,load,efe,6.980604648590088
earne_learned_corr_dual_grid_sweep_coverage_weather,earne_learned_corr_dual-span=True-wx=True,0,load,pinball_q10,60.61566162109375
earne_learned_corr_dual_grid_sweep_coverage_weather,earne_learned_corr_dual-span=True-wx=True,0,load,pinball_q50,136.0143585205078
earne_learned_corr_dual_grid_sweep_coverage_weather,earne_learned_corr_dual-span=True-wx=True,0,load,pinball_q90,101.33512878417969
earne_learned_corr_dual_grid_sweep_coverage_weather,earne_learned_corr_dual-span=True-wx=True,0,load,coverage,0.7864450799489628
earne_learned_corr_dual_grid_sweep_coverage_weather,earne_learned_corr_dual-span=True-wx=True,0,load,sharpness,815.1150512695312
earne_learned_corr_dual_grid_sweep_coverage_weather,earne_learned_corr_dual-span=True-wx=True,0,load,net_rmse,694.441650390625
earne_learned_corr_dual_grid_sweep_coverage_weather,earne_learned_corr_dual-span=True-wx=True,0,pv,rmse,424.80072021484375
earne_learned_corr_dual_grid_sweep_coverage_weather,earne_learned_corr_dual-span=True-wx=True,0,pv,nrmse,0.01311112567782402
earne_learned_corr_dual_grid_sweep_coverage_weather,earne_learned_corr_dual-span=True-wx=True,0,pv,mae,116.77597045898438
earne_learned_corr_dual_grid_sweep_coverage_weather,earne_learned_corr_dual-span=True-wx=True,0,pv,mape,53.01478958129883
earne_learned_corr_dual_grid_sweep_coverage_weather,earne_learned_corr_dual-span=True-wx=True,0,pv,r2,0.794192808580176
earne_learned_corr_dual_grid_sweep_coverage_weather,earne_learned_corr_dual-span=True-wx=True,0,pv,mbe,-47.37267303466797
earne_learned_corr_dual_grid_sweep_coverage_weather,earne_learned_corr_dual-span=True-wx=True,0,pv,efe,16.950788497924805
earne_learned_corr_dual_grid_sweep_coverage_weather,earne_learned_corr_dual-span=True-wx=True,0,pv,pinball_q10,20.23223876953125
earne_learned_corr_dual_grid_sweep_coverage_weather,earne_learned_corr_dual-span=True-wx=True,0,pv,pinball_q50,58.38798522949219
earne_learned_corr_dual_grid_sweep_coverage_weather,earne_learned_corr_dual-span=True-wx=True,0,pv,pinball_q90,45.87820816040039
earne_learned_corr_dual_grid_sweep_coverage_weather,earne_learned_corr_dual-span=True-wx=True,0,pv,coverage,0.8433789159647683
earne_learned_corr_dual_grid_sweep_coverage_weather,earne_learned_corr_dual-span=True-wx=True,0,pv,sharpness,343.108154296875
earne_learned_corr_dual_grid_sweep_coverage_weather,earne_learned_corr_dual-span=True-wx=True,1,load,rmse,730.5850219726562
earne_learned_corr_dual_grid_sweep_coverage_weather,earne_learned_corr_dual-span=True-wx=True,1,load,nrmse,0.025155281648039818
earne_learned_corr_dual_grid_sweep_coverage_weather,earne_learned_corr_dual-span=True-wx=True,1,load,mae,278.7251892089844
earne_learned_corr_dual_grid_sweep_coverage_weather,earne_learned_corr_dual-span=True-wx=True,1,load,mape,43.19517135620117
earne_learned_corr_dual_grid_sweep_coverage_weather,earne_learned_corr_dual-span=True-wx=True,1,load,r2,0.8003122992904307
earne_learned_corr_dual_grid_sweep_coverage_weather,earne_learned_corr_dual-span=True-wx=True,1,load,mbe,-52.18830108642578
earne_learned_corr_dual_grid_sweep_coverage_weather,earne_learned_corr_dual-span=True-wx=True,1,load,efe,5.228105068206787
earne_learned_corr_dual_grid_sweep_coverage_weather,earne_learned_corr_dual-span=True-wx=True,1,load,pinball_q10,60.69322967529297
earne_learned_corr_dual_grid_sweep_coverage_weather,earne_learned_corr_dual-span=True-wx=True,1,load,pinball_q50,139.3625946044922
earne_learned_corr_dual_grid_sweep_coverage_weather,earne_learned_corr_dual-span=True-wx=True,1,load,pinball_q90,102.96809387207031
earne_learned_corr_dual_grid_sweep_coverage_weather,earne_learned_corr_dual-span=True-wx=True,1,load,coverage,0.7936825541652035
earne_learned_corr_dual_grid_sweep_coverage_weather,earne_learned_corr_dual-span=True-wx=True,1,load,sharpness,812.9093017578125
earne_learned_corr_dual_grid_sweep_coverage_weather,earne_learned_corr_dual-span=True-wx=True,1,load,net_rmse,770.0761108398438
earne_learned_corr_dual_grid_sweep_coverage_weather,earne_learned_corr_dual-span=True-wx=True,1,pv,rmse,447.8404541015625
earne_learned_corr_dual_grid_sweep_coverage_weather,earne_learned_corr_dual-span=True-wx=True,1,pv,nrmse,0.013822227716445923
earne_learned_corr_dual_grid_sweep_coverage_weather,earne_learned_corr_dual-span=True-wx=True,1,pv,mae,118.40299987792969
earne_learned_corr_dual_grid_sweep_coverage_weather,earne_learned_corr_dual-span=True-wx=True,1,pv,mape,54.70479202270508
earne_learned_corr_dual_grid_sweep_coverage_weather,earne_learned_corr_dual-span=True-wx=True,1,pv,r2,0.8029196290933341
earne_learned_corr_dual_grid_sweep_coverage_weather,earne_learned_corr_dual-span=True-wx=True,1,pv,mbe,-22.53627586364746
earne_learned_corr_dual_grid_sweep_coverage_weather,earne_learned_corr_dual-span=True-wx=True,1,pv,efe,8.063883781433105
earne_learned_corr_dual_grid_sweep_coverage_weather,earne_learned_corr_dual-span=True-wx=True,1,pv,pinball_q10,20.370698928833008
earne_learned_corr_dual_grid_sweep_coverage_weather,earne_learned_corr_dual-span=True-wx=True,1,pv,pinball_q50,59.201499938964844
earne_learned_corr_dual_grid_sweep_coverage_weather,earne_learned_corr_dual-span=True-wx=True,1,pv,pinball_q90,44.90717315673828
earne_learned_corr_dual_grid_sweep_coverage_weather,earne_learned_corr_dual-span=True-wx=True,1,pv,coverage,0.8489316281124589
earne_learned_corr_dual_grid_sweep_coverage_weather,earne_learned_corr_dual-span=True-wx=True,1,pv,sharpness,353.1656188964844
earne_learned_corr_dual_grid_sweep_coverage_weather,earne_learned_corr_dual-span=True-wx=True,2,load,rmse,726.6468505859375
earne_learned_corr_dual_grid_sweep_coverage_weather,earne_learned_corr_dual-span=True-wx=True,2,load,nrmse,0.025019682943820953
earne_learned_corr_dual_grid_sweep_coverage_weather,earne_learned_corr_dual-span=True-wx=True,2,load,mae,279.42333984375
earne_learned_corr_dual_grid_sweep_coverage_weather,earne_learned_corr_dual-span=True-wx=True,2,load,mape,41.39403533935547
earne_learned_corr_dual_grid_sweep_coverage_weather,earne_learned_corr_dual-span=True-wx=True,2,load,r2,0.8102133285983487
earne_learned_corr_dual_grid_sweep_coverage_weather,earne_learned_corr_dual-span=True-wx=True,2,load,mbe,-109.88501739501953
earne_learned_corr_dual_grid_sweep_coverage_weather,earne_learned_corr_dual-span=True-wx=True,2,load,efe,11.008030891418457
earne_learned_corr_dual_grid_sweep_coverage_weather,earne_learned_corr_dual-span=True-wx=True,2,load,pinball_q10,61.40950012207031
earne_learned_corr_dual_grid_sweep_coverage_weather,earne_learned_corr_dual-span=True-wx=True,2,load,pinball_q50,139.711669921875
earne_learned_corr_dual_grid_sweep_coverage_weather,earne_learned_corr_dual-span=True-wx=True,2,load,pinball_q90,103.4231185913086
earne_learned_corr_dual_grid_sweep_coverage_weather,earne_learned_corr_dual-span=True-wx=True,2,load,coverage,0.7745312582062639
earne_learned_corr_dual_grid_sweep_coverage_weather,earne_learned_corr_dual-span=True-wx=True,2,load,sharpness,750.7849731445312
earne_learned_corr_dual_grid_sweep_coverage_weather,earne_learned_corr_dual-span=True-wx=True,2,load,net_rmse,704.0338745117188
earne_learned_corr_dual_grid_sweep_coverage_weather,earne_learned_corr_dual-span=True-wx=True,2,pv,rmse,403.50152587890625
earne_learned_corr_dual_grid_sweep_coverage_weather,earne_learned_corr_dual-span=True-wx=True,2,pv,nrmse,0.012453743256628513
earne_learned_corr_dual_grid_sweep_coverage_weather,earne_learned_corr_dual-span=True-wx=True,2,pv,mae,112.53697967529297
earne_learned_corr_dual_grid_sweep_coverage_weather,earne_learned_corr_dual-span=True-wx=True,2,pv,mape,51.023929595947266
earne_learned_corr_dual_grid_sweep_coverage_weather,earne_learned_corr_dual-span=True-wx=True,2,pv,r2,0.8131812012352904
earne_learned_corr_dual_grid_sweep_coverage_weather,earne_learned_corr_dual-span=True-wx=True,2,pv,mbe,-49.28130340576172
earne_learned_corr_dual_grid_sweep_coverage_weather,earne_learned_corr_dual-span=True-wx=True,2,pv,efe,17.633729934692383
earne_learned_corr_dual_grid_sweep_coverage_weather,earne_learned_corr_dual-span=True-wx=True,2,pv,pinball_q10,20.795957565307617
earne_learned_corr_dual_grid_sweep_coverage_weather,earne_learned_corr_dual-span=True-wx=True,2,pv,pinball_q50,56.268489837646484
earne_learned_corr_dual_grid_sweep_coverage_weather,earne_learned_corr_dual-span=True-wx=True,2,pv,pinball_q90,43.51372146606445
earne_learned_corr_dual_grid_sweep_coverage_weather,earne_learned_corr_dual-span=True-wx=True,2,pv,coverage,0.8653343727505183
earne_learned_corr_dual_grid_sweep_coverage_weather,earne_learned_corr_dual-span=True-wx=True,2,pv,sharpness,347.1893005371094
earne_learned_corr_single_grid_sweep_coverage_weather,earne_learned_corr_single-span=False-wx=False,0,load,rmse,731.0493774414062
earne_learned_corr_single_grid_sweep_coverage_weather,earne_learned_corr_single-span=False-wx=False,0,load,nrmse,0.025171268731355667
earne_learned_corr_single_grid_sweep_coverage_weather,earne_learned_corr_single-span=False-wx=False,0,load,mae,309.4627990722656
earne_learned_corr_single_grid_sweep_coverage_weather,earne_learned_corr_single-span=False-wx=False,0,load,mape,48.280677795410156
earne_learned_corr_single_grid_sweep_coverage_weather,earne_learned_corr_single-span=False-wx=False,0,load,r2,0.7911572186313504
earne_learned_corr_single_grid_sweep_coverage_weather,earne_learned_corr_single-span=False-wx=False,0,load,mbe,-144.5857391357422
earne_learned_corr_single_grid_sweep_coverage_weather,earne_learned_corr_single-span=False-wx=False,0,load,efe,14.543869018554688
earne_learned_corr_single_grid_sweep_coverage_weather,earne_learned_corr_single-span=False-wx=False,0,load,pinball_q10,64.35082244873047
earne_learned_corr_single_grid_sweep_coverage_weather,earne_learned_corr_single-span=False-wx=False,0,load,pinball_q50,154.7313995361328
earne_learned_corr_single_grid_sweep_coverage_weather,earne_learned_corr_single-span=False-wx=False,0,load,pinball_q90,109.7345199584961
earne_learned_corr_single_grid_sweep_coverage_weather,earne_learned_corr_single-span=False-wx=False,0,load,coverage,0.7640373372804828
earne_learned_corr_single_grid_sweep_coverage_weather,earne_learned_corr_single-span=False-wx=False,0,load,sharpness,799.7738037109375
earne_learned_corr_single_grid_sweep_coverage_weather,earne_learned_corr_single-span=False-wx=False,0,load,net_rmse,703.5172119140625
earne_learned_corr_single_grid_sweep_coverage_weather,earne_learned_corr_single-span=False-wx=False,0,pv,rmse,457.4138488769531
earne_learned_corr_single_grid_sweep_coverage_weather,earne_learned_corr_single-span=False-wx=False,0,pv,nrmse,0.014117702841758728
earne_learned_corr_single_grid_sweep_coverage_weather,earne_learned_corr_single-span=False-wx=False,0,pv,mae,131.03993225097656
earne_learned_corr_single_grid_sweep_coverage_weather,earne_learned_corr_single-span=False-wx=False,0,pv,mape,60.08438491821289
earne_learned_corr_single_grid_sweep_coverage_weather,earne_learned_corr_single-span=False-wx=False,0,pv,r2,0.7496857623780263
earne_learned_corr_single_grid_sweep_coverage_weather,earne_learned_corr_single-span=False-wx=False,0,pv,mbe,-43.1174430847168
earne_learned_corr_single_grid_sweep_coverage_weather,earne_learned_corr_single-span=False-wx=False,0,pv,efe,14.92103385925293
earne_learned_corr_single_grid_sweep_coverage_weather,earne_learned_corr_single-span=False-wx=False,0,pv,pinball_q10,22.131736755371094
earne_learned_corr_single_grid_sweep_coverage_weather,earne_learned_corr_single-span=False-wx=False,0,pv,pinball_q50,65.51996612548828
earne_learned_corr_single_grid_sweep_coverage_weather,earne_learned_corr_single-span=False-wx=False,0,pv,pinball_q90,51.12986755371094
earne_learned_corr_single_grid_sweep_coverage_weather,earne_learned_corr_single-span=False-wx=False,0,pv,coverage,0.8291459412632026
earne_learned_corr_single_grid_sweep_coverage_weather,earne_learned_corr_single-span=False-wx=False,0,pv,sharpness,415.2977294921875
earne_learned_corr_single_grid_sweep_coverage_weather,earne_learned_corr_single-span=False-wx=False,1,load,rmse,730.2854614257812
earne_learned_corr_single_grid_sweep_coverage_weather,earne_learned_corr_single-span=False-wx=False,1,load,nrmse,0.025144966319203377
earne_learned_corr_single_grid_sweep_coverage_weather,earne_learned_corr_single-span=False-wx=False,1,load,mae,291.9349365234375
earne_learned_corr_single_grid_sweep_coverage_weather,earne_learned_corr_single-span=False-wx=False,1,load,mape,48.390811920166016
earne_learned_corr_single_grid_sweep_coverage_weather,earne_learned_corr_single-span=False-wx=False,1,load,r2,0.7835727259372081
earne_learned_corr_single_grid_sweep_coverage_weather,earne_learned_corr_single-span=False-wx=False,1,load,mbe,-25.808988571166992
earne_learned_corr_single_grid_sweep_coverage_weather,earne_learned_corr_single-span=False-wx=False,1,load,efe,2.59611177444458
earne_learned_corr_single_grid_sweep_coverage_weather,earne_learned_corr_single-span=False-wx=False,1,load,pinball_q10,63.01084899902344
earne_learned_corr_single_grid_sweep_coverage_weather,earne_learned_corr_single-span=False-wx=False,1,load,pinball_q50,145.96746826171875
earne_learned_corr_single_grid_sweep_coverage_weather,earne_learned_corr_single-span=False-wx=False,1,load,pinball_q90,106.1209487915039
earne_learned_corr_single_grid_sweep_coverage_weather,earne_learned_corr_single-span=False-wx=False,1,load,coverage,0.8087418174099126
earne_learned_corr_single_grid_sweep_coverage_weather,earne_learned_corr_single-span=False-wx=False,1,load,sharpness,906.4901733398438
earne_learned_corr_single_grid_sweep_coverage_weather,earne_learned_corr_single-span=False-wx=False,1,load,net_rmse,701.36767578125
earne_learned_corr_single_grid_sweep_coverage_weather,earne_learned_corr_single-span=False-wx=False,1,pv,rmse,426.2002258300781
earne_learned_corr_single_grid_sweep_coverage_weather,earne_learned_corr_single-span=False-wx=False,1,pv,nrmse,0.013154320418834686
earne_learned_corr_single_grid_sweep_coverage_weather,earne_learned_corr_single-span=False-wx=False,1,pv,mae,126.42790985107422
earne_learned_corr_single_grid_sweep_coverage_weather,earne_learned_corr_single-span=False-wx=False,1,pv,mape,60.183860778808594
earne_learned_corr_single_grid_sweep_coverage_weather,earne_learned_corr_single-span=False-wx=False,1,pv,r2,0.7821493364379992
earne_learned_corr_single_grid_sweep_coverage_weather,earne_learned_corr_single-span=False-wx=False,1,pv,mbe,-46.161407470703125
earne_learned_corr_single_grid_sweep_coverage_weather,earne_learned_corr_single-span=False-wx=False,1,pv,efe,15.974407196044922
earne_learned_corr_single_grid_sweep_coverage_weather,earne_learned_corr_single-span=False-wx=False,1,pv,pinball_q10,22.35883140563965
earne_learned_corr_single_grid_sweep_coverage_weather,earne_learned_corr_single-span=False-wx=False,1,pv,pinball_q50,63.21395492553711
earne_learned_corr_single_grid_sweep_coverage_weather,earne_learned_corr_single-span=False-wx=False,1,pv,pinball_q90,47.948551177978516
earne_learned_corr_single_grid_sweep_coverage_weather,earne_learned_corr_single-span=False-wx=False,1,pv,coverage,0.8412584694468828
earne_learned_corr_single_grid_sweep_coverage_weather,earne_learned_corr_single-span=False-wx=False,1,pv,sharpness,408.8265686035156
earne_learned_corr_single_grid_sweep_coverage_weather,earne_learned_corr_single-span=False-wx=False,2,load,rmse,739.982666015625
earne_learned_corr_single_grid_sweep_coverage_weather,earne_learned_corr_single-span=False-wx=False,2,load,nrmse,0.02547885850071907
earne_learned_corr_single_grid_sweep_coverage_weather,earne_learned_corr_single-span=False-wx=False,2,load,mae,306.5415954589844
earne_learned_corr_single_grid_sweep_coverage_weather,earne_learned_corr_single-span=False-wx=False,2,load,mape,49.02782440185547
earne_learned_corr_single_grid_sweep_coverage_weather,earne_learned_corr_single-span=False-wx=False,2,load,r2,0.7831121048114602
earne_learned_corr_single_grid_sweep_coverage_weather,earne_learned_corr_single-span=False-wx=False,2,load,mbe,-129.4723358154297
earne_learned_corr_single_grid_sweep_coverage_weather,earne_learned_corr_single-span=False-wx=False,2,load,efe,13.023614883422852
earne_learned_corr_single_grid_sweep_coverage_weather,earne_learned_corr_single-span=False-wx=False,2,load,pinball_q10,64.08244323730469
earne_learned_corr_single_grid_sweep_coverage_weather,earne_learned_corr_single-span=False-wx=False,2,load,pinball_q50,153.2707977294922
earne_learned_corr_single_grid_sweep_coverage_weather,earne_learned_corr_single-span=False-wx=False,2,load,pinball_q90,113.77935791015625
earne_learned_corr_single_grid_sweep_coverage_weather,earne_learned_corr_single-span=False-wx=False,2,load,coverage,0.7784432855429912
earne_learned_corr_single_grid_sweep_coverage_weather,earne_learned_corr_single-span=False-wx=False,2,load,sharpness,900.0380249023438
earne_learned_corr_single_grid_sweep_coverage_weather,earne_learned_corr_single-span=False-wx=False,2,load,net_rmse,707.1367797851562
earne_learned_corr_single_grid_sweep_coverage_weather,earne_learned_corr_single-span=False-wx=False,2,pv,rmse,448.2015075683594
earne_learned_corr_single_grid_sweep_coverage_weather,earne_learned_corr_single-span=False-wx=False,2,pv,nrmse,0.013833371922373772
earne_learned_corr_single_grid_sweep_coverage_weather,earne_learned_corr_single-span=False-wx=False,2,pv,mae,128.2862548828125
earne_learned_corr_single_grid_sweep_coverage_weather,earne_learned_corr_single-span=False-wx=False,2,pv,mape,61.230403900146484
earne_learned_corr_single_grid_sweep_coverage_weather,earne_learned_corr_single-span=False-wx=False,2,pv,r2,0.7708701004547214
earne_learned_corr_single_grid_sweep_coverage_weather,earne_learned_corr_single-span=False-wx=False,2,pv,mbe,-36.56636047363281
earne_learned_corr_single_grid_sweep_coverage_weather,earne_learned_corr_single-span=False-wx=False,2,pv,efe,12.653999328613281
earne_learned_corr_single_grid_sweep_coverage_weather,earne_learned_corr_single-span=False-wx=False,2,pv,pinball_q10,21.38806915283203
earne_learned_corr_single_grid_sweep_coverage_weather,earne_learned_corr_single-span=False-wx=False,2,pv,pinball_q50,64.14312744140625
earne_learned_corr_single_grid_sweep_coverage_weather,earne_learned_corr_single-span=False-wx=False,2,pv,pinball_q90,50.56222915649414
earne_learned_corr_single_grid_sweep_coverage_weather,earne_learned_corr_single-span=False-wx=False,2,pv,coverage,0.8837555865360894
earne_learned_corr_single_grid_sweep_coverage_weather,earne_learned_corr_single-span=False-wx=False,2,pv,sharpness,448.8108215332031
earne_learned_corr_single_grid_sweep_coverage_weather,earne_learned_corr_single-span=False-wx=True,0,load,rmse,723.8760986328125
earne_learned_corr_single_grid_sweep_coverage_weather,earne_learned_corr_single-span=False-wx=True,0,load,nrmse,0.024924281984567642
earne_learned_corr_single_grid_sweep_coverage_weather,earne_learned_corr_single-span=False-wx=True,0,load,mae,285.1125793457031
earne_learned_corr_single_grid_sweep_coverage_weather,earne_learned_corr_single-span=False-wx=True,0,load,mape,47.0848274230957
earne_learned_corr_single_grid_sweep_coverage_weather,earne_learned_corr_single-span=False-wx=True,0,load,r2,0.7843070382263355
earne_learned_corr_single_grid_sweep_coverage_weather,earne_learned_corr_single-span=False-wx=True,0,load,mbe,-55.70882797241211
earne_learned_corr_single_grid_sweep_coverage_weather,earne_learned_corr_single-span=False-wx=True,0,load,efe,5.603745460510254
earne_learned_corr_single_grid_sweep_coverage_weather,earne_learned_corr_single-span=False-wx=True,0,load,pinball_q10,63.44956588745117
earne_learned_corr_single_grid_sweep_coverage_weather,earne_learned_corr_single-span=False-wx=True,0,load,pinball_q50,142.55628967285156
earne_learned_corr_single_grid_sweep_coverage_weather,earne_learned_corr_single-span=False-wx=True,0,load,pinball_q90,105.288330078125
earne_learned_corr_single_grid_sweep_coverage_weather,earne_learned_corr_single-span=False-wx=True,0,load,coverage,0.8197621383452952
earne_learned_corr_single_grid_sweep_coverage_weather,earne_learned_corr_single-span=False-wx=True,0,load,sharpness,950.339111328125
earne_learned_corr_single_grid_sweep_coverage_weather,earne_learned_corr_single-span=False-wx=True,0,load,net_rmse,677.3348388671875
earne_learned_corr_single_grid_sweep_coverage_weather,earne_learned_corr_single-span=False-wx=True,0,pv,rmse,424.5563049316406
earne_learned_corr_single_grid_sweep_coverage_weather,earne_learned_corr_single-span=False-wx=True,0,pv,nrmse,0.013103581964969635
earne_learned_corr_single_grid_sweep_coverage_weather,earne_learned_corr_single-span=False-wx=True,0,pv,mae,127.2342300415039
earne_learned_corr_single_grid_sweep_coverage_weather,earne_learned_corr_single-span=False-wx=True,0,pv,mape,62.192176818847656
earne_learned_corr_single_grid_sweep_coverage_weather,earne_learned_corr_single-span=False-wx=True,0,pv,r2,0.78376286376183
earne_learned_corr_single_grid_sweep_coverage_weather,earne_learned_corr_single-span=False-wx=True,0,pv,mbe,-36.29722213745117
earne_learned_corr_single_grid_sweep_coverage_weather,earne_learned_corr_single-span=False-wx=True,0,pv,efe,12.560860633850098
earne_learned_corr_single_grid_sweep_coverage_weather,earne_learned_corr_single-span=False-wx=True,0,pv,pinball_q10,22.112028121948242
earne_learned_corr_single_grid_sweep_coverage_weather,earne_learned_corr_single-span=False-wx=True,0,pv,pinball_q50,63.61711502075195
earne_learned_corr_single_grid_sweep_coverage_weather,earne_learned_corr_single-span=False-wx=True,0,pv,pinball_q90,49.21488571166992
earne_learned_corr_single_grid_sweep_coverage_weather,earne_learned_corr_single-span=False-wx=True,0,pv,coverage,0.9033565113623977
earne_learned_corr_single_grid_sweep_coverage_weather,earne_learned_corr_single-span=False-wx=True,0,pv,sharpness,424.93890380859375
earne_learned_corr_single_grid_sweep_coverage_weather,earne_learned_corr_single-span=False-wx=True,1,load,rmse,722.8352661132812
earne_learned_corr_single_grid_sweep_coverage_weather,earne_learned_corr_single-span=False-wx=True,1,load,nrmse,0.02488844282925129
earne_learned_corr_single_grid_sweep_coverage_weather,earne_learned_corr_single-span=False-wx=True,1,load,mae,288.864990234375
earne_learned_corr_single_grid_sweep_coverage_weather,earne_learned_corr_single-span=False-wx=True,1,load,mape,46.00681686401367
earne_learned_corr_single_grid_sweep_coverage_weather,earne_learned_corr_single-span=False-wx=True,1,load,r2,0.7884768018546691
earne_learned_corr_single_grid_sweep_coverage_weather,earne_learned_corr_single-span=False-wx=True,1,load,mbe,-100.47509002685547
earne_learned_corr_single_grid_sweep_coverage_weather,earne_learned_corr_single-span=False-wx=True,1,load,efe,10.106775283813477
earne_learned_corr_single_grid_sweep_coverage_weather,earne_learned_corr_single-span=False-wx=True,1,load,pinball_q10,64.09843444824219
earne_learned_corr_single_grid_sweep_coverage_weather,earne_learned_corr_single-span=False-wx=True,1,load,pinball_q50,144.4324951171875
earne_learned_corr_single_grid_sweep_coverage_weather,earne_learned_corr_single-span=False-wx=True,1,load,pinball_q90,109.53160858154297
earne_learned_corr_single_grid_sweep_coverage_weather,earne_learned_corr_single-span=False-wx=True,1,load,coverage,0.792451937143939
earne_learned_corr_single_grid_sweep_coverage_weather,earne_learned_corr_single-span=False-wx=True,1,load,sharpness,857.033935546875
earne_learned_corr_single_grid_sweep_coverage_weather,earne_learned_corr_single-span=False-wx=True,1,load,net_rmse,692.1466674804688
earne_learned_corr_single_grid_sweep_coverage_weather,earne_learned_corr_single-span=False-wx=True,1,pv,rmse,446.53753662109375
earne_learned_corr_single_grid_sweep_coverage_weather,earne_learned_corr_single-span=False-wx=True,1,pv,nrmse,0.013782014138996601
earne_learned_corr_single_grid_sweep_coverage_weather,earne_learned_corr_single-span=False-wx=True,1,pv,mae,130.12200927734375
earne_learned_corr_single_grid_sweep_coverage_weather,earne_learned_corr_single-span=False-wx=True,1,pv,mape,59.24537658691406
earne_learned_corr_single_grid_sweep_coverage_weather,earne_learned_corr_single-span=False-wx=True,1,pv,r2,0.770519928804892
earne_learned_corr_single_grid_sweep_coverage_weather,earne_learned_corr_single-span=False-wx=True,1,pv,mbe,-35.87643814086914
earne_learned_corr_single_grid_sweep_coverage_weather,earne_learned_corr_single-span=False-wx=True,1,pv,efe,12.415246963500977
earne_learned_corr_single_grid_sweep_coverage_weather,earne_learned_corr_single-span=False-wx=True,1,pv,pinball_q10,21.50484275817871
earne_learned_corr_single_grid_sweep_coverage_weather,earne_learned_corr_single-span=False-wx=True,1,pv,pinball_q50,65.06100463867188
earne_learned_corr_single_grid_sweep_coverage_weather,earne_learned_corr_single-span=False-wx=True,1,pv,pinball_q90,51.408695220947266
earne_learned_corr_single_grid_sweep_coverage_weather,earne_learned_corr_single-span=False-wx=True,1,pv,coverage,0.8649822435643678
earne_learned_corr_single_grid_sweep_coverage_weather,earne_learned_corr_single-span=False-wx=True,1,pv,sharpness,374.2107238769531
earne_learned_corr_single_grid_sweep_coverage_weather,earne_learned_corr_single-span=False-wx=True,2,load,rmse,705.86962890625
earne_learned_corr_single_grid_sweep_coverage_weather,earne_learned_corr_single-span=False-wx=True,2,load,nrmse,0.024304287508130074
earne_learned_corr_single_grid_sweep_coverage_weather,earne_learned_corr_single-span=False-wx=True,2,load,mae,283.5551452636719
earne_learned_corr_single_grid_sweep_coverage_weather,earne_learned_corr_single-span=False-wx=True,2,load,mape,48.47772979736328
earne_learned_corr_single_grid_sweep_coverage_weather,earne_learned_corr_single-span=False-wx=True,2,load,r2,0.7944159107444371
earne_learned_corr_single_grid_sweep_coverage_weather,earne_learned_corr_single-span=False-wx=True,2,load,mbe,-44.714481353759766
earne_learned_corr_single_grid_sweep_coverage_weather,earne_learned_corr_single-span=False-wx=True,2,load,efe,4.497821807861328
earne_learned_corr_single_grid_sweep_coverage_weather,earne_learned_corr_single-span=False-wx=True,2,load,pinball_q10,62.678646087646484
earne_learned_corr_single_grid_sweep_coverage_weather,earne_learned_corr_single-span=False-wx=True,2,load,pinball_q50,141.77757263183594
earne_learned_corr_single_grid_sweep_coverage_weather,earne_learned_corr_single-span=False-wx=True,2,load,pinball_q90,103.1719741821289
earne_learned_corr_single_grid_sweep_coverage_weather,earne_learned_corr_single-span=False-wx=True,2,load,coverage,0.7976433279977969
earne_learned_corr_single_grid_sweep_coverage_weather,earne_learned_corr_single-span=False-wx=True,2,load,sharpness,880.6168823242188
earne_learned_corr_single_grid_sweep_coverage_weather,earne_learned_corr_single-span=False-wx=True,2,load,net_rmse,682.7360229492188
earne_learned_corr_single_grid_sweep_coverage_weather,earne_learned_corr_single-span=False-wx=True,2,pv,rmse,429.2318420410156
earne_learned_corr_single_grid_sweep_coverage_weather,earne_learned_corr_single-span=False-wx=True,2,pv,nrmse,0.013247888535261154
earne_learned_corr_single_grid_sweep_coverage_weather,earne_learned_corr_single-span=False-wx=True,2,pv,mae,126.84541320800781
earne_learned_corr_single_grid_sweep_coverage_weather,earne_learned_corr_single-span=False-wx=True,2,pv,mape,61.137874603271484
earne_learned_corr_single_grid_sweep_coverage_weather,earne_learned_corr_single-span=False-wx=True,2,pv,r2,0.7789934626642846
earne_learned_corr_single_grid_sweep_coverage_weather,earne_learned_corr_single-span=False-wx=True,2,pv,mbe,-40.26389694213867
earne_learned_corr_single_grid_sweep_coverage_weather,earne_learned_corr_single-span=False-wx=True,2,pv,efe,13.933552742004395
earne_learned_corr_single_grid_sweep_coverage_weather,earne_learned_corr_single-span=False-wx=True,2,pv,pinball_q10,22.421100616455078
earne_learned_corr_single_grid_sweep_coverage_weather,earne_learned_corr_single-span=False-wx=True,2,pv,pinball_q50,63.422706604003906
earne_learned_corr_single_grid_sweep_coverage_weather,earne_learned_corr_single-span=False-wx=True,2,pv,pinball_q90,47.133628845214844
earne_learned_corr_single_grid_sweep_coverage_weather,earne_learned_corr_single-span=False-wx=True,2,pv,coverage,0.7059552904998766
earne_learned_corr_single_grid_sweep_coverage_weather,earne_learned_corr_single-span=False-wx=True,2,pv,sharpness,362.2903747558594
earne_learned_corr_single_grid_sweep_coverage_weather,earne_learned_corr_single-span=True-wx=False,0,load,rmse,711.9393310546875
earne_learned_corr_single_grid_sweep_coverage_weather,earne_learned_corr_single-span=True-wx=False,0,load,nrmse,0.024513278156518936
earne_learned_corr_single_grid_sweep_coverage_weather,earne_learned_corr_single-span=True-wx=False,0,load,mae,278.9772033691406
earne_learned_corr_single_grid_sweep_coverage_weather,earne_learned_corr_single-span=True-wx=False,0,load,mape,45.51997375488281
earne_learned_corr_single_grid_sweep_coverage_weather,earne_learned_corr_single-span=True-wx=False,0,load,r2,0.8105251615136111
earne_learned_corr_single_grid_sweep_coverage_weather,earne_learned_corr_single-span=True-wx=False,0,load,mbe,-57.736473083496094
earne_learned_corr_single_grid_sweep_coverage_weather,earne_learned_corr_single-span=True-wx=False,0,load,efe,5.783907413482666
earne_learned_corr_single_grid_sweep_coverage_weather,earne_learned_corr_single-span=True-wx=False,0,load,pinball_q10,61.762630462646484
earne_learned_corr_single_grid_sweep_coverage_weather,earne_learned_corr_single-span=True-wx=False,0,load,pinball_q50,139.4886016845703
earne_learned_corr_single_grid_sweep_coverage_weather,earne_learned_corr_single-span=True-wx=False,0,load,pinball_q90,107.6519775390625
earne_learned_corr_single_grid_sweep_coverage_weather,earne_learned_corr_single-span=True-wx=False,0,load,coverage,0.8033874427556775
earne_learned_corr_single_grid_sweep_coverage_weather,earne_learned_corr_single-span=True-wx=False,0,load,sharpness,882.9684448242188
earne_learned_corr_single_grid_sweep_coverage_weather,earne_learned_corr_single-span=True-wx=False,0,load,net_rmse,707.8201293945312
earne_learned_corr_single_grid_sweep_coverage_weather,earne_learned_corr_single-span=True-wx=False,0,pv,rmse,427.2958984375
earne_learned_corr_single_grid_sweep_coverage_weather,earne_learned_corr_single-span=True-wx=False,0,pv,nrmse,0.013188136741518974
earne_learned_corr_single_grid_sweep_coverage_weather,earne_learned_corr_single-span=True-wx=False,0,pv,mae,127.40198516845703
earne_learned_corr_single_grid_sweep_coverage_weather,earne_learned_corr_single-span=True-wx=False,0,pv,mape,64.419677734375
earne_learned_corr_single_grid_sweep_coverage_weather,earne_learned_corr_single-span=True-wx=False,0,pv,r2,0.7984076146935715
earne_learned_corr_single_grid_sweep_coverage_weather,earne_learned_corr_single-span=True-wx=False,0,pv,mbe,-5.500048637390137
earne_learned_corr_single_grid_sweep_coverage_weather,earne_learned_corr_single-span=True-wx=False,0,pv,efe,1.9680166244506836
earne_learned_corr_single_grid_sweep_coverage_weather,earne_learned_corr_single-span=True-wx=False,0,pv,pinball_q10,20.53120994567871
earne_learned_corr_single_grid_sweep_coverage_weather,earne_learned_corr_single-span=True-wx=False,0,pv,pinball_q50,63.700992584228516
earne_learned_corr_single_grid_sweep_coverage_weather,earne_learned_corr_single-span=True-wx=False,0,pv,pinball_q90,47.093727111816406
earne_learned_corr_single_grid_sweep_coverage_weather,earne_learned_corr_single-span=True-wx=False,0,pv,coverage,0.8874865224183545
earne_learned_corr_single_grid_sweep_coverage_weather,earne_learned_corr_single-span=True-wx=False,0,pv,sharpness,413.5849304199219
earne_learned_corr_single_grid_sweep_coverage_weather,earne_learned_corr_single-span=True-wx=False,1,load,rmse,732.7861328125
earne_learned_corr_single_grid_sweep_coverage_weather,earne_learned_corr_single-span=True-wx=False,1,load,nrmse,0.025231068953871727
earne_learned_corr_single_grid_sweep_coverage_weather,earne_learned_corr_single-span=True-wx=False,1,load,mae,282.3504638671875
earne_learned_corr_single_grid_sweep_coverage_weather,earne_learned_corr_single-span=True-wx=False,1,load,mape,43.19672775268555
earne_learned_corr_single_grid_sweep_coverage_weather,earne_learned_corr_single-span=True-wx=False,1,load,r2,0.8059600237259933
earne_learned_corr_single_grid_sweep_coverage_weather,earne_learned_corr_single-span=True-wx=False,1,load,mbe,-78.03349304199219
earne_learned_corr_single_grid_sweep_coverage_weather,earne_learned_corr_single-span=True-wx=False,1,load,efe,7.817216873168945
earne_learned_corr_single_grid_sweep_coverage_weather,earne_learned_corr_single-span=True-wx=False,1,load,pinball_q10,62.05098342895508
earne_learned_corr_single_grid_sweep_coverage_weather,earne_learned_corr_single-span=True-wx=False,1,load,pinball_q50,141.17523193359375
earne_learned_corr_single_grid_sweep_coverage_weather,earne_learned_corr_single-span=True-wx=False,1,load,pinball_q90,106.3533706665039
earne_learned_corr_single_grid_sweep_coverage_weather,earne_learned_corr_single-span=True-wx=False,1,load,coverage,0.7785021888519418
earne_learned_corr_single_grid_sweep_coverage_weather,earne_learned_corr_single-span=True-wx=False,1,load,sharpness,767.7265014648438
earne_learned_corr_single_grid_sweep_coverage_weather,earne_learned_corr_single-span=True-wx=False,1,load,net_rmse,727.31640625
earne_learned_corr_single_grid_sweep_coverage_weather,earne_learned_corr_single-span=True-wx=False,1,pv,rmse,421.3120422363281
earne_learned_corr_single_grid_sweep_coverage_weather,earne_learned_corr_single-span=True-wx=False,1,pv,nrmse,0.013003449887037277
earne_learned_corr_single_grid_sweep_coverage_weather,earne_learned_corr_single-span=True-wx=False,1,pv,mae,120.80020904541016
earne_learned_corr_single_grid_sweep_coverage_weather,earne_learned_corr_single-span=True-wx=False,1,pv,mape,54.348594665527344
earne_learned_corr_single_grid_sweep_coverage_weather,earne_learned_corr_single-span=True-wx=False,1,pv,r2,0.7979227632447983
earne_learned_corr_single_grid_sweep_coverage_weather,earne_learned_corr_single-span=True-wx=False,1,pv,mbe,-63.81760787963867
earne_learned_corr_single_grid_sweep_coverage_weather,earne_learned_corr_single-span=True-wx=False,1,pv,efe,22.835073471069336
earne_learned_corr_single_grid_sweep_coverage_weather,earne_learned_corr_single-span=True-wx=False,1,pv,pinball_q10,20.812021255493164
earne_learned_corr_single_grid_sweep_coverage_weather,earne_learned_corr_single-span=True-wx=False,1,pv,pinball_q50,60.40010452270508
earne_learned_corr_single_grid_sweep_coverage_weather,earne_learned_corr_single-span=True-wx=False,1,pv,pinball_q90,48.33158874511719
earne_learned_corr_single_grid_sweep_coverage_weather,earne_learned_corr_single-span=True-wx=False,1,pv,coverage,0.8646557308170375
earne_learned_corr_single_grid_sweep_coverage_weather,earne_learned_corr_single-span=True-wx=False,1,pv,sharpness,327.2854919433594
earne_learned_corr_single_grid_sweep_coverage_weather,earne_learned_corr_single-span=True-wx=False,2,load,rmse,724.9244995117188
earne_learned_corr_single_grid_sweep_coverage_weather,earne_learned_corr_single-span=True-wx=False,2,load,nrmse,0.024960380047559738
earne_learned_corr_single_grid_sweep_coverage_weather,earne_learned_corr_single-span=True-wx=False,2,load,mae,280.022705078125
earne_learned_corr_single_grid_sweep_coverage_weather,earne_learned_corr_single-span=True-wx=False,2,load,mape,45.664031982421875
earne_learned_corr_single_grid_sweep_coverage_weather,earne_learned_corr_single-span=True-wx=False,2,load,r2,0.8036403986573246
earne_learned_corr_single_grid_sweep_coverage_weather,earne_learned_corr_single-span=True-wx=False,2,load,mbe,-61.020240783691406
earne_learned_corr_single_grid_sweep_coverage_weather,earne_learned_corr_single-span=True-wx=False,2,load,efe,6.112868785858154
earne_learned_corr_single_grid_sweep_coverage_weather,earne_learned_corr_single-span=True-wx=False,2,load,pinball_q10,62.46996307373047
earne_learned_corr_single_grid_sweep_coverage_weather,earne_learned_corr_single-span=True-wx=False,2,load,pinball_q50,140.0113525390625
earne_learned_corr_single_grid_sweep_coverage_weather,earne_learned_corr_single-span=True-wx=False,2,load,pinball_q90,111.10388946533203
earne_learned_corr_single_grid_sweep_coverage_weather,earne_learned_corr_single-span=True-wx=False,2,load,coverage,0.7932376781177624
earne_learned_corr_single_grid_sweep_coverage_weather,earne_learned_corr_single-span=True-wx=False,2,load,sharpness,861.00244140625
earne_learned_corr_single_grid_sweep_coverage_weather,earne_learned_corr_single-span=True-wx=False,2,load,net_rmse,728.3109130859375
earne_learned_corr_single_grid_sweep_coverage_weather,earne_learned_corr_single-span=True-wx=False,2,pv,rmse,452.7353210449219
earne_learned_corr_single_grid_sweep_coverage_weather,earne_learned_corr_single-span=True-wx=False,2,pv,nrmse,0.013973304070532322
earne_learned_corr_single_grid_sweep_coverage_weather,earne_learned_corr_single-span=True-wx=False,2,pv,mae,127.13615417480469
earne_learned_corr_single_grid_sweep_coverage_weather,earne_learned_corr_single-span=True-wx=False,2,pv,mape,64.4498062133789
earne_learned_corr_single_grid_sweep_coverage_weather,earne_learned_corr_single-span=True-wx=False,2,pv,r2,0.7948069938183849
earne_learned_corr_single_grid_sweep_coverage_weather,earne_learned_corr_single-span=True-wx=False,2,pv,mbe,-9.869484901428223
earne_learned_corr_single_grid_sweep_coverage_weather,earne_learned_corr_single-span=True-wx=False,2,pv,efe,3.5314745903015137
earne_learned_corr_single_grid_sweep_coverage_weather,earne_learned_corr_single-span=True-wx=False,2,pv,pinball_q10,20.194576263427734
earne_learned_corr_single_grid_sweep_coverage_weather,earne_learned_corr_single-span=True-wx=False,2,pv,pinball_q50,63.568077087402344
earne_learned_corr_single_grid_sweep_coverage_weather,earne_learned_corr_single-span=True-wx=False,2,pv,pinball_q90,50.25105667114258
earne_learned_corr_single_grid_sweep_coverage_weather,earne_learned_corr_single-span=True-wx=False,2,pv,coverage,0.8982963924877736
earne_learned_corr_single_grid_sweep_coverage_weather,earne_learned_corr_single-span=True-wx=False,2,pv,sharpness,417.27734375
earne_learned_corr_single_grid_sweep_coverage_weather,earne_learned_corr_single-span=True-wx=True,0,load,rmse,718.2383422851562
earne_learned_corr_single_grid_sweep_coverage_weather,earne_learned_corr_single-span=True-wx=True,0,load,nrmse,0.02473016455769539
earne_learned_corr_single_grid_sweep_coverage_weather,earne_learned_corr_single-span=True-wx=True,0,load,mae,281.8658142089844
earne_learned_corr_single_grid_sweep_coverage_weather,earne_learned_corr_single-span=True-wx=True,0,load,mape,46.85880661010742
earne_learned_corr_single_grid_sweep_coverage_weather,earne_learned_corr_single-span=True-wx=True,0,load,r2,0.8097286416922467
earne_learned_corr_single_grid_sweep_coverage_weather,earne_learned_corr_single-span=True-wx=True,0,load,mbe,-34.23542404174805
earne_learned_corr_single_grid_sweep_coverage_weather,earne_learned_corr_single-span=True-wx=True,0,load,efe,3.4296321868896484
earne_learned_corr_single_grid_sweep_coverage_weather,earne_learned_corr_single-span=True-wx=True,0,load,pinball_q10,61.612789154052734
earne_learned_corr_single_grid_sweep_coverage_weather,earne_learned_corr_single-span=True-wx=True,0,load,pinball_q50,140.9329071044922
earne_learned_corr_single_grid_sweep_coverage_weather,earne_learned_corr_single-span=True-wx=True,0,load,pinball_q90,108.66616821289062
earne_learned_corr_single_grid_sweep_coverage_weather,earne_learned_corr_single-span=True-wx=True,0,load,coverage,0.7927577886776986
earne_learned_corr_single_grid_sweep_coverage_weather,earne_learned_corr_single-span=True-wx=True,0,load,sharpness,902.111328125
earne_learned_corr_single_grid_sweep_coverage_weather,earne_learned_corr_single-span=True-wx=True,0,load,net_rmse,728.4240112304688
earne_learned_corr_single_grid_sweep_coverage_weather,earne_learned_corr_single-span=True-wx=True,0,pv,rmse,457.3628234863281
earne_learned_corr_single_grid_sweep_coverage_weather,earne_learned_corr_single-span=True-wx=True,0,pv,nrmse,0.014116127975285053
earne_learned_corr_single_grid_sweep_coverage_weather,earne_learned_corr_single-span=True-wx=True,0,pv,mae,124.09121704101562
earne_learned_corr_single_grid_sweep_coverage_weather,earne_learned_corr_single-span=True-wx=True,0,pv,mape,58.028953552246094
earne_learned_corr_single_grid_sweep_coverage_weather,earne_learned_corr_single-span=True-wx=True,0,pv,r2,0.7793495578873985
earne_learned_corr_single_grid_sweep_coverage_weather,earne_learned_corr_single-span=True-wx=True,0,pv,mbe,-38.05428695678711
earne_learned_corr_single_grid_sweep_coverage_weather,earne_learned_corr_single-span=True-wx=True,0,pv,efe,13.616500854492188
earne_learned_corr_single_grid_sweep_coverage_weather,earne_learned_corr_single-span=True-wx=True,0,pv,pinball_q10,20.781831741333008
earne_learned_corr_single_grid_sweep_coverage_weather,earne_learned_corr_single-span=True-wx=True,0,pv,pinball_q50,62.04560852050781
earne_learned_corr_single_grid_sweep_coverage_weather,earne_learned_corr_single-span=True-wx=True,0,pv,pinball_q90,49.644187927246094
earne_learned_corr_single_grid_sweep_coverage_weather,earne_learned_corr_single-span=True-wx=True,0,pv,coverage,0.9054267669148155
earne_learned_corr_single_grid_sweep_coverage_weather,earne_learned_corr_single-span=True-wx=True,0,pv,sharpness,439.30010986328125
earne_learned_corr_single_grid_sweep_coverage_weather,earne_learned_corr_single-span=True-wx=True,1,load,rmse,813.3515014648438
earne_learned_corr_single_grid_sweep_coverage_weather,earne_learned_corr_single-span=True-wx=True,1,load,nrmse,0.028005070984363556
earne_learned_corr_single_grid_sweep_coverage_weather,earne_learned_corr_single-span=True-wx=True,1,load,mae,302.7756042480469
earne_learned_corr_single_grid_sweep_coverage_weather,earne_learned_corr_single-span=True-wx=True,1,load,mape,48.12008285522461
earne_learned_corr_single_grid_sweep_coverage_weather,earne_learned_corr_single-span=True-wx=True,1,load,r2,0.7857327632657638
earne_learned_corr_single_grid_sweep_coverage_weather,earne_learned_corr_single-span=True-wx=True,1,load,mbe,17.239049911499023
earne_learned_corr_single_grid_sweep_coverage_weather,earne_learned_corr_single-span=True-wx=True,1,load,efe,1.7269744873046875
earne_learned_corr_single_grid_sweep_coverage_weather,earne_learned_corr_single-span=True-wx=True,1,load,pinball_q10,63.284339904785156
earne_learned_corr_single_grid_sweep_coverage_weather,earne_learned_corr_single-span=True-wx=True,1,load,pinball_q50,151.38780212402344
earne_learned_corr_single_grid_sweep_coverage_weather,earne_learned_corr_single-span=True-wx=True,1,load,pinball_q90,109.92689514160156
earne_learned_corr_single_grid_sweep_coverage_weather,earne_learned_corr_single-span=True-wx=True,1,load,coverage,0.8113179761847141
earne_learned_corr_single_grid_sweep_coverage_weather,earne_learned_corr_single-span=True-wx=True,1,load,sharpness,925.5289306640625
earne_learned_corr_single_grid_sweep_coverage_weather,earne_learned_corr_single-span=True-wx=True,1,load,net_rmse,818.329345703125
earne_learned_corr_single_grid_sweep_coverage_weather,earne_learned_corr_single-span=True-wx=True,1,pv,rmse,421.9394836425781
earne_learned_corr_single_grid_sweep_coverage_weather,earne_learned_corr_single-span=True-wx=True,1,pv,nrmse,0.013022815808653831
earne_learned_corr_single_grid_sweep_coverage_weather,earne_learned_corr_single-span=True-wx=True,1,pv,mae,121.2516860961914
earne_learned_corr_single_grid_sweep_coverage_weather,earne_learned_corr_single-span=True-wx=True,1,pv,mape,63.356895446777344
earne_learned_corr_single_grid_sweep_coverage_weather,earne_learned_corr_single-span=True-wx=True,1,pv,r2,0.8121626955396377
earne_learned_corr_single_grid_sweep_coverage_weather,earne_learned_corr_single-span=True-wx=True,1,pv,mbe,-17.32449722290039
earne_learned_corr_single_grid_sweep_coverage_weather,earne_learned_corr_single-span=True-wx=True,1,pv,efe,6.1990132331848145
earne_learned_corr_single_grid_sweep_coverage_weather,earne_learned_corr_single-span=True-wx=True,1,pv,pinball_q10,20.551633834838867
earne_learned_corr_single_grid_sweep_coverage_weather,earne_learned_corr_single-span=True-wx=True,1,pv,pinball_q50,60.6258430480957
earne_learned_corr_single_grid_sweep_coverage_weather,earne_learned_corr_single-span=True-wx=True,1,pv,pinball_q90,49.62081527709961
earne_learned_corr_single_grid_sweep_coverage_weather,earne_learned_corr_single-span=True-wx=True,1,pv,coverage,0.8994796391972871
earne_learned_corr_single_grid_sweep_coverage_weather,earne_learned_corr_single-span=True-wx=True,1,pv,sharpness,438.1113586425781
earne_learned_corr_single_grid_sweep_coverage_weather,earne_learned_corr_single-span=True-wx=True,2,load,rmse,725.6110229492188
earne_learned_corr_single_grid_sweep_coverage_weather,earne_learned_corr_single-span=True-wx=True,2,load,nrmse,0.02498401701450348
earne_learned_corr_single_grid_sweep_coverage_weather,earne_learned_corr_single-span=True-wx=True,2,load,mae,282.761962890625
earne_learned_corr_single_grid_sweep_coverage_weather,earne_learned_corr_single-span=True-wx=True,2,load,mape,44.101192474365234
earne_learned_corr_single_grid_sweep_coverage_weather,earne_learned_corr_single-span=True-wx=True,2,load,r2,0.8077076676099537
earne_learned_corr_single_grid_sweep_coverage_weather,earne_learned_corr_single-span=True-wx=True,2,load,mbe,-112.14315032958984
earne_learned_corr_single_grid_sweep_coverage_weather,earne_learned_corr_single-span=True-wx=True,2,load,efe,11.234237670898438
earne_learned_corr_single_grid_sweep_coverage_weather,earne_learned_corr_single-span=True-wx=True,2,load,pinball_q10,62.64799118041992
earne_learned_corr_single_grid_sweep_coverage_weather,earne_learned_corr_single-span=True-wx=True,2,load,pinball_q50,141.3809814453125
earne_learned_corr_single_grid_sweep_coverage_weather,earne_learned_corr_single-span=True-wx=True,2,load,pinball_q90,115.01527404785156
earne_learned_corr_single_grid_sweep_coverage_weather,earne_learned_corr_single-span=True-wx=True,2,load,coverage,0.7796689586708092
earne_learned_corr_single_grid_sweep_coverage_weather,earne_learned_corr_single-span=True-wx=True,2,load,sharpness,790.1077880859375
earne_learned_corr_single_grid_sweep_coverage_weather,earne_learned_corr_single-span=True-wx=True,2,load,net_rmse,695.9813232421875
earne_learned_corr_single_grid_sweep_coverage_weather,earne_learned_corr_single-span=True-wx=True,2,pv,rmse,439.15228271484375
earne_learned_corr_single_grid_sweep_coverage_weather,earne_learned_corr_single-span=True-wx=True,2,pv,nrmse,0.013554074801504612
earne_learned_corr_single_grid_sweep_coverage_weather,earne_learned_corr_single-span=True-wx=True,2,pv,mae,122.50933074951172
earne_learned_corr_single_grid_sweep_coverage_weather,earne_learned_corr_single-span=True-wx=True,2,pv,mape,55.044227600097656
earne_learned_corr_single_grid_sweep_coverage_weather,earne_learned_corr_single-span=True-wx=True,2,pv,r2,0.7792033641403096
earne_learned_corr_single_grid_sweep_coverage_weather,earne_learned_corr_single-span=True-wx=True,2,pv,mbe,-48.864810943603516
earne_learned_corr_single_grid_sweep_coverage_weather,earne_learned_corr_single-span=True-wx=True,2,pv,efe,17.48469352722168
earne_learned_corr_single_grid_sweep_coverage_weather,earne_learned_corr_single-span=True-wx=True,2,pv,pinball_q10,20.827646255493164
earne_learned_corr_single_grid_sweep_coverage_weather,earne_learned_corr_single-span=True-wx=True,2,pv,pinball_q50,61.25466537475586
earne_learned_corr_single_grid_sweep_coverage_weather,earne_learned_corr_single-span=True-wx=True,2,pv,pinball_q90,49.3941764831543
earne_learned_corr_single_grid_sweep_coverage_weather,earne_learned_corr_single-span=True-wx=True,2,pv,coverage,0.7068802346309228
earne_learned_corr_single_grid_sweep_coverage_weather,earne_learned_corr_single-span=True-wx=True,2,pv,sharpness,321.94488525390625
earne_phys_dual_grid_sweep_weather_only,earne_phys_dual-wx=False,0,load,rmse,993.0684204101562
earne_phys_dual_grid_sweep_weather_only,earne_phys_dual-wx=False,0,load,nrmse,0.03419302776455879
earne_phys_dual_grid_sweep_weather_only,earne_phys_dual-wx=False,0,load,mae,404.1977844238281
earne_phys_dual_grid_sweep_weather_only,earne_phys_dual-wx=False,0,load,mape,56.90091323852539
earne_phys_dual_grid_sweep_weather_only,earne_phys_dual-wx=False,0,load,r2,0.6448084869275583
earne_phys_dual_grid_sweep_weather_only,earne_phys_dual-wx=False,0,load,mbe,-80.79217529296875
earne_phys_dual_grid_sweep_weather_only,earne_phys_dual-wx=False,0,load,efe,7.829442501068115
earne_phys_dual_grid_sweep_weather_only,earne_phys_dual-wx=False,0,load,pinball_q10,61.832740783691406
earne_phys_dual_grid_sweep_weather_only,earne_phys_dual-wx=False,0,load,pinball_q50,202.09889221191406
earne_phys_dual_grid_sweep_weather_only,earne_phys_dual-wx=False,0,load,pinball_q90,110.88418579101562
earne_phys_dual_grid_sweep_weather_only,earne_phys_dual-wx=False,0,load,coverage,0.8309535354934797
earne_phys_dual_grid_sweep_weather_only,earne_phys_dual-wx=False,0,load,sharpness,928.0723266601562
earne_phys_dual_grid_sweep_weather_only,earne_phys_dual-wx=False,0,load,net_rmse,1593.052734375
earne_phys_dual_grid_sweep_weather_only,earne_phys_dual-wx=False,0,pv,rmse,1016.2272338867188
earne_phys_dual_grid_sweep_weather_only,earne_phys_dual-wx=False,0,pv,nrmse,0.03136501833796501
earne_phys_dual_grid_sweep_weather_only,earne_phys_dual-wx=False,0,pv,mae,230.654541015625
earne_phys_dual_grid_sweep_weather_only,earne_phys_dual-wx=False,0,pv,mape,90.57963562011719
earne_phys_dual_grid_sweep_weather_only,earne_phys_dual-wx=False,0,pv,r2,0.7382730617073441
earne_phys_dual_grid_sweep_weather_only,earne_phys_dual-wx=False,0,pv,mbe,80.51952362060547
earne_phys_dual_grid_sweep_weather_only,earne_phys_dual-wx=False,0,pv,efe,31.647581100463867
earne_phys_dual_grid_sweep_weather_only,earne_phys_dual-wx=False,0,pv,pinball_q10,16.48768424987793
earne_phys_dual_grid_sweep_weather_only,earne_phys_dual-wx=False,0,pv,pinball_q50,115.3272705078125
earne_phys_dual_grid_sweep_weather_only,earne_phys_dual-wx=False,0,pv,pinball_q90,49.68183517456055
earne_phys_dual_grid_sweep_weather_only,earne_phys_dual-wx=False,0,pv,coverage,0.896098877786052
earne_phys_dual_grid_sweep_weather_only,earne_phys_dual-wx=False,0,pv,sharpness,393.77288818359375
earne_phys_dual_grid_sweep_weather_only,earne_phys_dual-wx=False,1,load,rmse,1023.5438232421875
earne_phys_dual_grid_sweep_weather_only,earne_phys_dual-wx=False,1,load,nrmse,0.03524234890937805
earne_phys_dual_grid_sweep_weather_only,earne_phys_dual-wx=False,1,load,mae,429.5306396484375
earne_phys_dual_grid_sweep_weather_only,earne_phys_dual-wx=False,1,load,mape,60.26795959472656
earne_phys_dual_grid_sweep_weather_only,earne_phys_dual-wx=False,1,load,r2,0.6232592676726207
earne_phys_dual_grid_sweep_weather_only,earne_phys_dual-wx=False,1,load,mbe,-66.608642578125
earne_phys_dual_grid_sweep_weather_only,earne_phys_dual-wx=False,1,load,efe,6.454944610595703
earne_phys_dual_grid_sweep_weather_only,earne_phys_dual-wx=False,1,load,pinball_q10,63.17552947998047
earne_phys_dual_grid_sweep_weather_only,earne_phys_dual-wx=False,1,load,pinball_q50,214.76531982421875
earne_phys_dual_grid_sweep_weather_only,earne_phys_dual-wx=False,1,load,pinball_q90,109.27980041503906
earne_phys_dual_grid_sweep_weather_only,earne_phys_dual-wx=False,1,load,coverage,0.8244635713419809
earne_phys_dual_grid_sweep_weather_only,earne_phys_dual-wx=False,1,load,sharpness,967.167236328125
earne_phys_dual_grid_sweep_weather_only,earne_phys_dual-wx=False,1,load,net_rmse,2154.321533203125
earne_phys_dual_grid_sweep_weather_only,earne_phys_dual-wx=False,1,pv,rmse,1641.9237060546875
earne_phys_dual_grid_sweep_weather_only,earne_phys_dual-wx=False,1,pv,nrmse,0.0506766252219677
earne_phys_dual_grid_sweep_weather_only,earne_phys_dual-wx=False,1,pv,mae,291.7056579589844
earne_phys_dual_grid_sweep_weather_only,earne_phys_dual-wx=False,1,pv,mape,103.7446517944336
earne_phys_dual_grid_sweep_weather_only,earne_phys_dual-wx=False,1,pv,r2,0.6904695304184572
earne_phys_dual_grid_sweep_weather_only,earne_phys_dual-wx=False,1,pv,mbe,146.01856994628906
earne_phys_dual_grid_sweep_weather_only,earne_phys_dual-wx=False,1,pv,efe,57.391475677490234
earne_phys_dual_grid_sweep_weather_only,earne_phys_dual-wx=False,1,pv,pinball_q10,17.623567581176758
earne_phys_dual_grid_sweep_weather_only,earne_phys_dual-wx=False,1,pv,pinball_q50,145.8528289794922
earne_phys_dual_grid_sweep_weather_only,earne_phys_dual-wx=False,1,pv,pinball_q90,51.36305618286133
earne_phys_dual_grid_sweep_weather_only,earne_phys_dual-wx=False,1,pv,coverage,0.8543871118577143
earne_phys_dual_grid_sweep_weather_only,earne_phys_dual-wx=False,1,pv,sharpness,453.1509704589844
earne_phys_dual_grid_sweep_weather_only,earne_phys_dual-wx=False,2,load,rmse,1077.3955078125
earne_phys_dual_grid_sweep_weather_only,earne_phys_dual-wx=False,2,load,nrmse,0.037096552550792694
earne_phys_dual_grid_sweep_weather_only,earne_phys_dual-wx=False,2,load,mae,430.7102966308594
earne_phys_dual_grid_sweep_weather_only,earne_phys_dual-wx=False,2,load,mape,56.09633255004883
earne_phys_dual_grid_sweep_weather_only,earne_phys_dual-wx=False,2,load,r2,0.5907120065984893
earne_phys_dual_grid_sweep_weather_only,earne_phys_dual-wx=False,2,load,mbe,-114.00677490234375
earne_phys_dual_grid_sweep_weather_only,earne_phys_dual-wx=False,2,load,efe,11.04822826385498
earne_phys_dual_grid_sweep_weather_only,earne_phys_dual-wx=False,2,load,pinball_q10,62.99605941772461
earne_phys_dual_grid_sweep_weather_only,earne_phys_dual-wx=False,2,load,pinball_q50,215.3551483154297
earne_phys_dual_grid_sweep_weather_only,earne_phys_dual-wx=False,2,load,pinball_q90,113.14730834960938
earne_phys_dual_grid_sweep_weather_only,earne_phys_dual-wx=False,2,load,coverage,0.8195603796131132
earne_phys_dual_grid_sweep_weather_only,earne_phys_dual-wx=False,2,load,sharpness,917.3351440429688
earne_phys_dual_grid_sweep_weather_only,earne_phys_dual-wx=False,2,load,net_rmse,2023.1422119140625
earne_phys_dual_grid_sweep_weather_only,earne_phys_dual-wx=False,2,pv,rmse,1451.668212890625
earne_phys_dual_grid_sweep_weather_only,earne_phys_dual-wx=False,2,pv,nrmse,0.04480454698204994
earne_phys_dual_grid_sweep_weather_only,earne_phys_dual-wx=False,2,pv,mae,281.89801025390625
earne_phys_dual_grid_sweep_weather_only,earne_phys_dual-wx=False,2,pv,mape,99.44414520263672
earne_phys_dual_grid_sweep_weather_only,earne_phys_dual-wx=False,2,pv,r2,0.727298627205518
earne_phys_dual_grid_sweep_weather_only,earne_phys_dual-wx=False,2,pv,mbe,136.07723999023438
earne_phys_dual_grid_sweep_weather_only,earne_phys_dual-wx=False,2,pv,efe,53.48412322998047
earne_phys_dual_grid_sweep_weather_only,earne_phys_dual-wx=False,2,pv,pinball_q10,16.249631881713867
earne_phys_dual_grid_sweep_weather_only,earne_phys_dual-wx=False,2,pv,pinball_q50,140.94900512695312
earne_phys_dual_grid_sweep_weather_only,earne_phys_dual-wx=False,2,pv,pinball_q90,51.400787353515625
earne_phys_dual_grid_sweep_weather_only,earne_phys_dual-wx=False,2,pv,coverage,0.9051378522071939
earne_phys_dual_grid_sweep_weather_only,earne_phys_dual-wx=False,2,pv,sharpness,456.25872802734375
earne_phys_dual_grid_sweep_weather_only,earne_phys_dual-wx=True,0,load,rmse,966.69677734375
earne_phys_dual_grid_sweep_weather_only,earne_phys_dual-wx=True,0,load,nrmse,0.03328501060605049
earne_phys_dual_grid_sweep_weather_only,earne_phys_dual-wx=True,0,load,mae,404.098388671875
earne_phys_dual_grid_sweep_weather_only,earne_phys_dual-wx=True,0,load,mape,59.41752624511719
earne_phys_dual_grid_sweep_weather_only,earne_phys_dual-wx=True,0,load,r2,0.6776827207925006
earne_phys_dual_grid_sweep_weather_only,earne_phys_dual-wx=True,0,load,mbe,-117.49165344238281
earne_phys_dual_grid_sweep_weather_only,earne_phys_dual-wx=True,0,load,efe,11.385936737060547
earne_phys_dual_grid_sweep_weather_only,earne_phys_dual-wx=True,0,load,pinball_q10,63.064815521240234
earne_phys_dual_grid_sweep_weather_only,earne_phys_dual-wx=True,0,load,pinball_q50,202.0491943359375
earne_phys_dual_grid_sweep_weather_only,earne_phys_dual-wx=True,0,load,pinball_q90,107.61063385009766
earne_phys_dual_grid_sweep_weather_only,earne_phys_dual-wx=True,0,load,coverage,0.7987591569540897
earne_phys_dual_grid_sweep_weather_only,earne_phys_dual-wx=True,0,load,sharpness,867.104248046875
earne_phys_dual_grid_sweep_weather_only,earne_phys_dual-wx=True,0,load,net_rmse,2916.296630859375
earne_phys_dual_grid_sweep_weather_only,earne_phys_dual-wx=True,0,pv,rmse,2487.912353515625
earne_phys_dual_grid_sweep_weather_only,earne_phys_dual-wx=True,0,pv,nrmse,0.07678737491369247
earne_phys_dual_grid_sweep_weather_only,earne_phys_dual-wx=True,0,pv,mae,341.0091552734375
earne_phys_dual_grid_sweep_weather_only,earne_phys_dual-wx=True,0,pv,mape,103.49532318115234
earne_phys_dual_grid_sweep_weather_only,earne_phys_dual-wx=True,0,pv,r2,0.6512245325829239
earne_phys_dual_grid_sweep_weather_only,earne_phys_dual-wx=True,0,pv,mbe,191.2732391357422
earne_phys_dual_grid_sweep_weather_only,earne_phys_dual-wx=True,0,pv,efe,75.1784896850586
earne_phys_dual_grid_sweep_weather_only,earne_phys_dual-wx=True,0,pv,pinball_q10,16.8753604888916
earne_phys_dual_grid_sweep_weather_only,earne_phys_dual-wx=True,0,pv,pinball_q50,170.50457763671875
earne_phys_dual_grid_sweep_weather_only,earne_phys_dual-wx=True,0,pv,pinball_q90,62.87688064575195
earne_phys_dual_grid_sweep_weather_only,earne_phys_dual-wx=True,0,pv,coverage,0.8291611104376289
earne_phys_dual_grid_sweep_weather_only,earne_phys_dual-wx=True,0,pv,sharpness,505.1993713378906
earne_phys_dual_grid_sweep_weather_only,earne_phys_dual-wx=True,1,load,rmse,996.5401611328125
earne_phys_dual_grid_sweep_weather_only,earne_phys_dual-wx=True,1,load,nrmse,0.034312568604946136
earne_phys_dual_grid_sweep_weather_only,earne_phys_dual-wx=True,1,load,mae,411.59039306640625
earne_phys_dual_grid_sweep_weather_only,earne_phys_dual-wx=True,1,load,mape,59.082923889160156
earne_phys_dual_grid_sweep_weather_only,earne_phys_dual-wx=True,1,load,r2,0.6433155446001321
earne_phys_dual_grid_sweep_weather_only,earne_phys_dual-wx=True,1,load,mbe,-93.9253921508789
earne_phys_dual_grid_sweep_weather_only,earne_phys_dual-wx=True,1,load,efe,9.102164268493652
earne_phys_dual_grid_sweep_weather_only,earne_phys_dual-wx=True,1,load,pinball_q10,62.60014724731445
earne_phys_dual_grid_sweep_weather_only,earne_phys_dual-wx=True,1,load,pinball_q50,205.79519653320312
earne_phys_dual_grid_sweep_weather_only,earne_phys_dual-wx=True,1,load,pinball_q90,104.82972717285156
earne_phys_dual_grid_sweep_weather_only,earne_phys_dual-wx=True,1,load,coverage,0.8168988015863394
earne_phys_dual_grid_sweep_weather_only,earne_phys_dual-wx=True,1,load,sharpness,883.1099243164062
earne_phys_dual_grid_sweep_weather_only,earne_phys_dual-wx=True,1,load,net_rmse,2538.66796875
earne_phys_dual_grid_sweep_weather_only,earne_phys_dual-wx=True,1,pv,rmse,2090.45458984375
earne_phys_dual_grid_sweep_weather_only,earne_phys_dual-wx=True,1,pv,nrmse,0.06452016532421112
earne_phys_dual_grid_sweep_weather_only,earne_phys_dual-wx=True,1,pv,mae,344.2231140136719
earne_phys_dual_grid_sweep_weather_only,earne_phys_dual-wx=True,1,pv,mape,108.72552490234375
earne_phys_dual_grid_sweep_weather_only,earne_phys_dual-wx=True,1,pv,r2,0.6744121395348391
earne_phys_dual_grid_sweep_weather_only,earne_phys_dual-wx=True,1,pv,mbe,197.64060974121094
earne_phys_dual_grid_sweep_weather_only,earne_phys_dual-wx=True,1,pv,efe,77.68114471435547
earne_phys_dual_grid_sweep_weather_only,earne_phys_dual-wx=True,1,pv,pinball_q10,16.479341506958008
earne_phys_dual_grid_sweep_weather_only,earne_phys_dual-wx=True,1,pv,pinball_q50,172.11155700683594
earne_phys_dual_grid_sweep_weather_only,earne_phys_dual-wx=True,1,pv,pinball_q90,59.81361389160156
earne_phys_dual_grid_sweep_weather_only,earne_phys_dual-wx=True,1,pv,coverage,0.8961735621633791
earne_phys_dual_grid_sweep_weather_only,earne_phys_dual-wx=True,1,pv,sharpness,542.578857421875
earne_phys_dual_grid_sweep_weather_only,earne_phys_dual-wx=True,2,load,rmse,1019.1043701171875
earne_phys_dual_grid_sweep_weather_only,earne_phys_dual-wx=True,2,load,nrmse,0.03508949279785156
earne_phys_dual_grid_sweep_weather_only,earne_phys_dual-wx=True,2,load,mae,420.986572265625
earne_phys_dual_grid_sweep_weather_only,earne_phys_dual-wx=True,2,load,mape,56.31418991088867
earne_phys_dual_grid_sweep_weather_only,earne_phys_dual-wx=True,2,load,r2,0.6322642408474745
earne_phys_dual_grid_sweep_weather_only,earne_phys_dual-wx=True,2,load,mbe,-136.2459259033203
earne_phys_dual_grid_sweep_weather_only,earne_phys_dual-wx=True,2,load,efe,13.203385353088379
earne_phys_dual_grid_sweep_weather_only,earne_phys_dual-wx=True,2,load,pinball_q10,64.0167465209961
earne_phys_dual_grid_sweep_weather_only,earne_phys_dual-wx=True,2,load,pinball_q50,210.4932861328125
earne_phys_dual_grid_sweep_weather_only,earne_phys_dual-wx=True,2,load,pinball_q90,107.81945037841797
earne_phys_dual_grid_sweep_weather_only,earne_phys_dual-wx=True,2,load,coverage,0.8169864745510278
earne_phys_dual_grid_sweep_weather_only,earne_phys_dual-wx=True,2,load,sharpness,856.7877807617188
earne_phys_dual_grid_sweep_weather_only,earne_phys_dual-wx=True,2,load,net_rmse,2170.7080078125
earne_phys_dual_grid_sweep_weather_only,earne_phys_dual-wx=True,2,pv,rmse,1652.327392578125
earne_phys_dual_grid_sweep_weather_only,earne_phys_dual-wx=True,2,pv,nrmse,0.05099772661924362
earne_phys_dual_grid_sweep_weather_only,earne_phys_dual-wx=True,2,pv,mae,314.0213623046875
earne_phys_dual_grid_sweep_weather_only,earne_phys_dual-wx=True,2,pv,mape,107.22972106933594
earne_phys_dual_grid_sweep_weather_only,earne_phys_dual-wx=True,2,pv,r2,0.7010310759781047
earne_phys_dual_grid_sweep_weather_only,earne_phys_dual-wx=True,2,pv,mbe,167.4259490966797
earne_phys_dual_grid_sweep_weather_only,earne_phys_dual-wx=True,2,pv,efe,65.80549621582031
earne_phys_dual_grid_sweep_weather_only,earne_phys_dual-wx=True,2,pv,pinball_q10,16.88237190246582
earne_phys_dual_grid_sweep_weather_only,earne_phys_dual-wx=True,2,pv,pinball_q50,157.01068115234375
earne_phys_dual_grid_sweep_weather_only,earne_phys_dual-wx=True,2,pv,pinball_q90,54.91829299926758
earne_phys_dual_grid_sweep_weather_only,earne_phys_dual-wx=True,2,pv,coverage,0.8985721212960879
earne_phys_dual_grid_sweep_weather_only,earne_phys_dual-wx=True,2,pv,sharpness,450.046875
earne_phys_single_grid_sweep_weather_only,earne_phys_single-wx=False,0,load,rmse,1400.655029296875
earne_phys_single_grid_sweep_weather_only,earne_phys_single-wx=False,0,load,nrmse,0.04822692647576332
earne_phys_single_grid_sweep_weather_only,earne_phys_single-wx=False,0,load,mae,621.3577270507812
earne_phys_single_grid_sweep_weather_only,earne_phys_single-wx=False,0,load,mape,64.5478744506836
earne_phys_single_grid_sweep_weather_only,earne_phys_single-wx=False,0,load,r2,0.3611418146595079
earne_phys_single_grid_sweep_weather_only,earne_phys_single-wx=False,0,load,mbe,-448.9770202636719
earne_phys_single_grid_sweep_weather_only,earne_phys_single-wx=False,0,load,efe,43.509681701660156
earne_phys_single_grid_sweep_weather_only,earne_phys_single-wx=False,0,load,pinball_q10,72.82347869873047
earne_phys_single_grid_sweep_weather_only,earne_phys_single-wx=False,0,load,pinball_q50,310.6788635253906
earne_phys_single_grid_sweep_weather_only,earne_phys_single-wx=False,0,load,pinball_q90,114.06596374511719
earne_phys_single_grid_sweep_weather_only,earne_phys_single-wx=False,0,load,coverage,0.7999530246090435
earne_phys_single_grid_sweep_weather_only,earne_phys_single-wx=False,0,load,sharpness,1040.4366455078125
earne_phys_single_grid_sweep_weather_only,earne_phys_single-wx=False,0,load,net_rmse,1776.0347900390625
earne_phys_single_grid_sweep_weather_only,earne_phys_single-wx=False,0,pv,rmse,965.7216186523438
earne_phys_single_grid_sweep_weather_only,earne_phys_single-wx=False,0,pv,nrmse,0.02980620414018631
earne_phys_single_grid_sweep_weather_only,earne_phys_single-wx=False,0,pv,mae,160.73074340820312
earne_phys_single_grid_sweep_weather_only,earne_phys_single-wx=False,0,pv,mape,68.76384735107422
earne_phys_single_grid_sweep_weather_only,earne_phys_single-wx=False,0,pv,r2,0.6707597930354595
earne_phys_single_grid_sweep_weather_only,earne_phys_single-wx=False,0,pv,mbe,-29.760944366455078
earne_phys_single_grid_sweep_weather_only,earne_phys_single-wx=False,0,pv,efe,11.697318077087402
earne_phys_single_grid_sweep_weather_only,earne_phys_single-wx=False,0,pv,pinball_q10,17.310619354248047
earne_phys_single_grid_sweep_weather_only,earne_phys_single-wx=False,0,pv,pinball_q50,80.36537170410156
earne_phys_single_grid_sweep_weather_only,earne_phys_single-wx=False,0,pv,pinball_q90,47.5482177734375
earne_phys_single_grid_sweep_weather_only,earne_phys_single-wx=False,0,pv,coverage,0.8876119183277627
earne_phys_single_grid_sweep_weather_only,earne_phys_single-wx=False,0,pv,sharpness,330.2887268066406
earne_phys_single_grid_sweep_weather_only,earne_phys_single-wx=False,1,load,rmse,1405.864990234375
earne_phys_single_grid_sweep_weather_only,earne_phys_single-wx=False,1,load,nrmse,0.048406314104795456
earne_phys_single_grid_sweep_weather_only,earne_phys_single-wx=False,1,load,mae,629.3549194335938
earne_phys_single_grid_sweep_weather_only,earne_phys_single-wx=False,1,load,mape,66.12733459472656
earne_phys_single_grid_sweep_weather_only,earne_phys_single-wx=False,1,load,r2,0.35528275305202867
earne_phys_single_grid_sweep_weather_only,earne_phys_single-wx=False,1,load,mbe,-449.64410400390625
earne_phys_single_grid_sweep_weather_only,earne_phys_single-wx=False,1,load,efe,43.574337005615234
earne_phys_single_grid_sweep_weather_only,earne_phys_single-wx=False,1,load,pinball_q10,74.4824447631836
earne_phys_single_grid_sweep_weather_only,earne_phys_single-wx=False,1,load,pinball_q50,314.6774597167969
earne_phys_single_grid_sweep_weather_only,earne_phys_single-wx=False,1,load,pinball_q90,117.99364471435547
earne_phys_single_grid_sweep_weather_only,earne_phys_single-wx=False,1,load,coverage,0.8267365741301976
earne_phys_single_grid_sweep_weather_only,earne_phys_single-wx=False,1,load,sharpness,1132.8233642578125
earne_phys_single_grid_sweep_weather_only,earne_phys_single-wx=False,1,load,net_rmse,1680.43359375
earne_phys_single_grid_sweep_weather_only,earne_phys_single-wx=False,1,pv,rmse,785.4418334960938
earne_phys_single_grid_sweep_weather_only,earne_phys_single-wx=False,1,pv,nrmse,0.024242017418146133
earne_phys_single_grid_sweep_weather_only,earne_phys_single-wx=False,1,pv,mae,153.73060607910156
earne_phys_single_grid_sweep_weather_only,earne_phys_single-wx=False,1,pv,mape,68.7538833618164
earne_phys_single_grid_sweep_weather_only,earne_phys_single-wx=False,1,pv,r2,0.7109487646217781
earne_phys_single_grid_sweep_weather_only,earne_phys_single-wx=False,1,pv,mbe,-32.21572494506836
earne_phys_single_grid_sweep_weather_only,earne_phys_single-wx=False,1,pv,efe,12.662148475646973
earne_phys_single_grid_sweep_weather_only,earne_phys_single-wx=False,1,pv,pinball_q10,16.971277236938477
earne_phys_single_grid_sweep_weather_only,earne_phys_single-wx=False,1,pv,pinball_q50,76.86530303955078
earne_phys_single_grid_sweep_weather_only,earne_phys_single-wx=False,1,pv,pinball_q90,46.368385314941406
earne_phys_single_grid_sweep_weather_only,earne_phys_single-wx=False,1,pv,coverage,0.8843052404620474
earne_phys_single_grid_sweep_weather_only,earne_phys_single-wx=False,1,pv,sharpness,356.07464599609375
earne_phys_single_grid_sweep_weather_only,earne_phys_single-wx=False,2,load,rmse,1411.3382568359375
earne_phys_single_grid_sweep_weather_only,earne_phys_single-wx=False,2,load,nrmse,0.04859476909041405
earne_phys_single_grid_sweep_weather_only,earne_phys_single-wx=False,2,load,mae,634.556640625
earne_phys_single_grid_sweep_weather_only,earne_phys_single-wx=False,2,load,mape,67.08097839355469
earne_phys_single_grid_sweep_weather_only,earne_phys_single-wx=False,2,load,r2,0.3421186288654529
earne_phys_single_grid_sweep_weather_only,earne_phys_single-wx=False,2,load,mbe,-408.36285400390625
earne_phys_single_grid_sweep_weather_only,earne_phys_single-wx=False,2,load,efe,39.57382583618164
earne_phys_single_grid_sweep_weather_only,earne_phys_single-wx=False,2,load,pinball_q10,73.39900970458984
earne_phys_single_grid_sweep_weather_only,earne_phys_single-wx=False,2,load,pinball_q50,317.2783203125
earne_phys_single_grid_sweep_weather_only,earne_phys_single-wx=False,2,load,pinball_q90,118.73558807373047
earne_phys_single_grid_sweep_weather_only,earne_phys_single-wx=False,2,load,coverage,0.8400293109121452
earne_phys_single_grid_sweep_weather_only,earne_phys_single-wx=False,2,load,sharpness,1240.0325927734375
earne_phys_single_grid_sweep_weather_only,earne_phys_single-wx=False,2,load,net_rmse,1832.5435791015625
earne_phys_single_grid_sweep_weather_only,earne_phys_single-wx=False,2,pv,rmse,997.5005493164062
earne_phys_single_grid_sweep_weather_only,earne_phys_single-wx=False,2,pv,nrmse,0.030787035822868347
earne_phys_single_grid_sweep_weather_only,earne_phys_single-wx=False,2,pv,mae,167.0148468017578
earne_phys_single_grid_sweep_weather_only,earne_phys_single-wx=False,2,pv,mape,69.79269409179688
earne_phys_single_grid_sweep_weather_only,earne_phys_single-wx=False,2,pv,r2,0.6862009992088302
earne_phys_single_grid_sweep_weather_only,earne_phys_single-wx=False,2,pv,mbe,-7.671689510345459
earne_phys_single_grid_sweep_weather_only,earne_phys_single-wx=False,2,pv,efe,3.015310525894165
earne_phys_single_grid_sweep_weather_only,earne_phys_single-wx=False,2,pv,pinball_q10,17.22146987915039
earne_phys_single_grid_sweep_weather_only,earne_phys_single-wx=False,2,pv,pinball_q50,83.5074234008789
earne_phys_single_grid_sweep_weather_only,earne_phys_single-wx=False,2,pv,pinball_q90,45.96121597290039
earne_phys_single_grid_sweep_weather_only,earne_phys_single-wx=False,2,pv,coverage,0.7704321303015084
earne_phys_single_grid_sweep_weather_only,earne_phys_single-wx=False,2,pv,sharpness,343.42156982421875
earne_phys_single_grid_sweep_weather_only,earne_phys_single-wx=True,0,load,rmse,1391.6805419921875
earne_phys_single_grid_sweep_weather_only,earne_phys_single-wx=True,0,load,nrmse,0.0479179210960865
earne_phys_single_grid_sweep_weather_only,earne_phys_single-wx=True,0,load,mae,621.5906982421875
earne_phys_single_grid_sweep_weather_only,earne_phys_single-wx=True,0,load,mape,63.4907112121582
earne_phys_single_grid_sweep_weather_only,earne_phys_single-wx=True,0,load,r2,0.37217146660118483
earne_phys_single_grid_sweep_weather_only,earne_phys_single-wx=True,0,load,mbe,-457.6033935546875
earne_phys_single_grid_sweep_weather_only,earne_phys_single-wx=True,0,load,efe,44.34564971923828
earne_phys_single_grid_sweep_weather_only,earne_phys_single-wx=True,0,load,pinball_q10,72.76052856445312
earne_phys_single_grid_sweep_weather_only,earne_phys_single-wx=True,0,load,pinball_q50,310.79534912109375
earne_phys_single_grid_sweep_weather_only,earne_phys_single-wx=True,0,load,pinball_q90,120.4352035522461
earne_phys_single_grid_sweep_weather_only,earne_phys_single-wx=True,0,load,coverage,0.8374619001437403
earne_phys_single_grid_sweep_weather_only,earne_phys_single-wx=True,0,load,sharpness,1144.1768798828125
earne_phys_single_grid_sweep_weather_only,earne_phys_single-wx=True,0,load,net_rmse,1703.5313720703125
earne_phys_single_grid_sweep_weather_only,earne_phys_single-wx=True,0,pv,rmse,864.0303955078125
earne_phys_single_grid_sweep_weather_only,earne_phys_single-wx=True,0,pv,nrmse,0.02666758932173252
earne_phys_single_grid_sweep_weather_only,earne_phys_single-wx=True,0,pv,mae,167.00440979003906
earne_phys_single_grid_sweep_weather_only,earne_phys_single-wx=True,0,pv,mape,72.07367706298828
earne_phys_single_grid_sweep_weather_only,earne_phys_single-wx=True,0,pv,r2,0.6984633338434814
earne_phys_single_grid_sweep_weather_only,earne_phys_single-wx=True,0,pv,mbe,-20.639394760131836
earne_phys_single_grid_sweep_weather_only,earne_phys_single-wx=True,0,pv,efe,8.112166404724121
earne_phys_single_grid_sweep_weather_only,earne_phys_single-wx=True,0,pv,pinball_q10,17.01050567626953
earne_phys_single_grid_sweep_weather_only,earne_phys_single-wx=True,0,pv,pinball_q50,83.50220489501953
earne_phys_single_grid_sweep_weather_only,earne_phys_single-wx=True,0,pv,pinball_q90,52.519447326660156
earne_phys_single_grid_sweep_weather_only,earne_phys_single-wx=True,0,pv,coverage,0.8984054344249519
earne_phys_single_grid_sweep_weather_only,earne_phys_single-wx=True,0,pv,sharpness,389.2766418457031
earne_phys_single_grid_sweep_weather_only,earne_phys_single-wx=True,1,load,rmse,1419.20849609375
earne_phys_single_grid_sweep_weather_only,earne_phys_single-wx=True,1,load,nrmse,0.048865754157304764
earne_phys_single_grid_sweep_weather_only,earne_phys_single-wx=True,1,load,mae,620.6881103515625
earne_phys_single_grid_sweep_weather_only,earne_phys_single-wx=True,1,load,mape,63.853145599365234
earne_phys_single_grid_sweep_weather_only,earne_phys_single-wx=True,1,load,r2,0.3322430839922227
earne_phys_single_grid_sweep_weather_only,earne_phys_single-wx=True,1,load,mbe,-415.6756896972656
earne_phys_single_grid_sweep_weather_only,earne_phys_single-wx=True,1,load,efe,40.282501220703125
earne_phys_single_grid_sweep_weather_only,earne_phys_single-wx=True,1,load,pinball_q10,72.65887451171875
earne_phys_single_grid_sweep_weather_only,earne_phys_single-wx=True,1,load,pinball_q50,310.34405517578125
earne_phys_single_grid_sweep_weather_only,earne_phys_single-wx=True,1,load,pinball_q90,114.6203384399414
earne_phys_single_grid_sweep_weather_only,earne_phys_single-wx=True,1,load,coverage,0.8330338742358381
earne_phys_single_grid_sweep_weather_only,earne_phys_single-wx=True,1,load,sharpness,1170.188720703125
earne_phys_single_grid_sweep_weather_only,earne_phys_single-wx=True,1,load,net_rmse,1604.26708984375
earne_phys_single_grid_sweep_weather_only,earne_phys_single-wx=True,1,pv,rmse,662.8167724609375
earne_phys_single_grid_sweep_weather_only,earne_phys_single-wx=True,1,pv,nrmse,0.020457295700907707
earne_phys_single_grid_sweep_weather_only,earne_phys_single-wx=True,1,pv,mae,145.79197692871094
earne_phys_single_grid_sweep_weather_only,earne_phys_single-wx=True,1,pv,mape,68.53968811035156
earne_phys_single_grid_sweep_weather_only,earne_phys_single-wx=True,1,pv,r2,0.7140069194512891
earne_phys_single_grid_sweep_weather_only,earne_phys_single-wx=True,1,pv,mbe,-45.47521209716797
earne_phys_single_grid_sweep_weather_only,earne_phys_single-wx=True,1,pv,efe,17.87369155883789
earne_phys_single_grid_sweep_weather_only,earne_phys_single-wx=True,1,pv,pinball_q10,17.19647979736328
earne_phys_single_grid_sweep_weather_only,earne_phys_single-wx=True,1,pv,pinball_q50,72.89598846435547
earne_phys_single_grid_sweep_weather_only,earne_phys_single-wx=True,1,pv,pinball_q90,45.730003356933594
earne_phys_single_grid_sweep_weather_only,earne_phys_single-wx=True,1,pv,coverage,0.8917347124326758
earne_phys_single_grid_sweep_weather_only,earne_phys_single-wx=True,1,pv,sharpness,290.0690002441406
earne_phys_single_grid_sweep_weather_only,earne_phys_single-wx=True,2,load,rmse,1367.505859375
earne_phys_single_grid_sweep_weather_only,earne_phys_single-wx=True,2,load,nrmse,0.04708554595708847
earne_phys_single_grid_sweep_weather_only,earne_phys_single-wx=True,2,load,mae,620.6140747070312
earne_phys_single_grid_sweep_weather_only,earne_phys_single-wx=True,2,load,mape,65.09203338623047
earne_phys_single_grid_sweep_weather_only,earne_phys_single-wx=True,2,load,r2,0.3850929362701939
earne_phys_single_grid_sweep_weather_only,earne_phys_single-wx=True,2,load,mbe,-422.5995788574219
earne_phys_single_grid_sweep_weather_only,earne_phys_single-wx=True,2,load,efe,40.95348358154297
earne_phys_single_grid_sweep_weather_only,earne_phys_single-wx=True,2,load,pinball_q10,72.2137222290039
earne_phys_single_grid_sweep_weather_only,earne_phys_single-wx=True,2,load,pinball_q50,310.3070373535156
earne_phys_single_grid_sweep_weather_only,earne_phys_single-wx=True,2,load,pinball_q90,111.90362548828125
earne_phys_single_grid_sweep_weather_only,earne_phys_single-wx=True,2,load,coverage,0.8323433143411323
earne_phys_single_grid_sweep_weather_only,earne_phys_single-wx=True,2,load,sharpness,1070.27734375
earne_phys_single_grid_sweep_weather_only,earne_phys_single-wx=True,2,load,net_rmse,1611.779052734375
earne_phys_single_grid_sweep_weather_only,earne_phys_single-wx=True,2,pv,rmse,735.5650634765625
earne_phys_single_grid_sweep_weather_only,earne_phys_single-wx=True,2,pv,nrmse,0.022702611982822418
earne_phys_single_grid_sweep_weather_only,earne_phys_single-wx=True,2,pv,mae,156.33056640625
earne_phys_single_grid_sweep_weather_only,earne_phys_single-wx=True,2,pv,mape,69.49514770507812
earne_phys_single_grid_sweep_weather_only,earne_phys_single-wx=True,2,pv,r2,0.7362390195303451
earne_phys_single_grid_sweep_weather_only,earne_phys_single-wx=True,2,pv,mbe,-26.832611083984375
earne_phys_single_grid_sweep_weather_only,earne_phys_single-wx=True,2,pv,efe,10.546364784240723
earne_phys_single_grid_sweep_weather_only,earne_phys_single-wx=True,2,pv,pinball_q10,16.744508743286133
earne_phys_single_grid_sweep_weather_only,earne_phys_single-wx=True,2,pv,pinball_q50,78.165283203125
earne_phys_single_grid_sweep_weather_only,earne_phys_single-wx=True,2,pv,pinball_q90,45.4935188293457
earne_phys_single_grid_sweep_weather_only,earne_phys_single-wx=True,2,pv,coverage,0.7109747068908785
earne_phys_single_grid_sweep_weather_only,earne_phys_single-wx=True,2,pv,sharpness,321.2113037109375
